NT,THT,THt,THQCr,CT,Ct,DT,Dt,QmT,TT,Tt,TCr,C,Si,P,S,RedRatio,dA,dB,dC,HJP,CE,dC^(1/6),Fatigue
930,30,0,0,930,139.8,850,15,60,160,120,0.5,0.17,0.28,0.002,0.016,440,0.017,0,0.008,8773.897869,0.496333333,0.2,1002
930,30,0,0,930,469.8,850,15,60,160,120,0.5,0.17,0.28,0.002,0.016,440,0.017,0,0.008,8773.897869,0.496333333,0.2,1082
930,30,0,0,930,540,850,15,140,160,120,0.5,0.17,0.28,0.002,0.016,440,0.017,0,0.008,8773.897869,0.496333333,0.2,935
930,30,0,0,930,469.8,850,15,60,200,120,0.5,0.17,0.28,0.002,0.016,440,0.017,0,0.008,9657.583919,0.496333333,0.2,1035
930,30,0,0,930,130.2,882.381,25.2,60,160,120,0.5,0.18,0.26,0.009,0.014,690,0.06,0,0,8750.863169,0.51,0,986
930,30,0,0,930,450,895.517,34.8,60,160,120,0.5,0.18,0.26,0.009,0.014,690,0.06,0,0,8750.863169,0.51,0,1089
930,30,0,0,930,510,903.333,45,140,160,120,0.5,0.18,0.26,0.009,0.014,690,0.06,0,0,8750.863169,0.51,0,1080
930,30,0,0,930,450,895.517,34.8,60,200,120,0.5,0.18,0.26,0.009,0.014,690,0.06,0,0,9632.229219,0.51,0,1053
930,30,0,0,930,90,881.807,49.8,60,160,120,0.5,0.18,0.25,0.016,0.015,530,0.017,0.004,0.008,8750.863169,0.567666667,0.2,858
930,30,0,0,930,340.2,895.812,70.2,60,160,120,0.5,0.18,0.25,0.016,0.015,530,0.017,0.004,0.008,8750.863169,0.567666667,0.2,948
930,30,0,0,930,340.2,895.812,70.2,140,160,120,0.5,0.18,0.25,0.016,0.015,530,0.017,0.004,0.008,8750.863169,0.567666667,0.2,957
930,30,0,0,930,340.2,895.812,70.2,60,200,120,0.5,0.18,0.25,0.016,0.015,530,0.017,0.004,0.008,9632.229219,0.567666667,0.2,882
930,30,0,0,930,100.2,895.517,34.8,60,160,120,0.5,0.19,0.21,0.017,0.011,390,0.025,0.004,0,8727.828469,0.551,0,889
930,30,0,0,930,499.8,895.812,70.2,60,160,120,0.5,0.19,0.21,0.017,0.011,390,0.025,0.004,0,8727.828469,0.551,0,900
930,30,0,0,930,529.8,895.812,70.2,140,160,120,0.5,0.19,0.21,0.017,0.011,390,0.025,0.004,0,8727.828469,0.551,0,838
930,30,0,0,930,499.8,895.812,70.2,60,200,120,0.5,0.19,0.21,0.017,0.011,390,0.025,0.004,0,9606.874519,0.551,0,898
930,30,0,0,930,130.2,882.381,25.2,60,160,120,0.5,0.2,0.32,0.024,0.028,390,0.046,0,0,8704.793769,0.504333333,0,927
930,30,0,0,930,450,895.517,34.8,60,160,120,0.5,0.2,0.32,0.024,0.028,390,0.046,0,0,8704.793769,0.504333333,0,956
930,30,0,0,930,510,903.333,45,140,160,120,0.5,0.2,0.32,0.024,0.028,390,0.046,0,0,8704.793769,0.504333333,0,960
930,30,0,0,930,450,895.517,34.8,60,200,120,0.5,0.2,0.32,0.024,0.028,390,0.046,0,0,9581.519819,0.504333333,0,924
930,30,0,0,930,139.8,850,15,60,160,120,0.5,0.21,0.29,0.015,0.016,440,0.008,0,0,8681.759069,0.586,0,1034
930,30,0,0,930,469.8,850,15,60,160,120,0.5,0.21,0.29,0.015,0.016,440,0.008,0,0,8681.759069,0.586,0,1056
930,30,0,0,930,540,850,15,140,160,120,0.5,0.21,0.29,0.015,0.016,440,0.008,0,0,8681.759069,0.586,0,1054
930,30,0,0,930,469.8,850,15,60,200,120,0.5,0.21,0.29,0.015,0.016,440,0.008,0,0,9556.165119,0.586,0,1037
930,30,0,0,930,100.2,895.517,34.8,60,160,120,0.5,0.21,0.3,0.021,0.006,460,0.025,0,0.004,8681.759069,0.575333333,0.158740105,854
930,30,0,0,930,499.8,895.812,70.2,60,160,120,0.5,0.21,0.3,0.021,0.006,460,0.025,0,0.004,8681.759069,0.575333333,0.158740105,884
930,30,0,0,930,529.8,895.812,70.2,140,160,120,0.5,0.21,0.3,0.021,0.006,460,0.025,0,0.004,8681.759069,0.575333333,0.158740105,876
930,30,0,0,930,499.8,895.812,70.2,60,200,120,0.5,0.21,0.3,0.021,0.006,460,0.025,0,0.004,9556.165119,0.575333333,0.158740105,873
930,30,0,0,930,90,881.807,49.8,60,160,120,0.5,0.21,0.31,0.012,0.019,690,0.08,0,0,8681.759069,0.621666667,0,1074
930,30,0,0,930,90,881.807,49.8,60,160,120,0.5,0.21,0.26,0.015,0.024,240,0.05,0.01,0,8681.759069,0.532333333,0,1006
930,30,0,0,930,340.2,895.812,70.2,60,160,120,0.5,0.21,0.31,0.012,0.019,690,0.08,0,0,8681.759069,0.621666667,0,1144
930,30,0,0,930,340.2,895.812,70.2,60,160,120,0.5,0.21,0.26,0.015,0.024,240,0.05,0.01,0,8681.759069,0.532333333,0,1028
930,30,0,0,930,340.2,895.812,70.2,140,160,120,0.5,0.21,0.31,0.012,0.019,690,0.08,0,0,8681.759069,0.621666667,0,1080
930,30,0,0,930,340.2,895.812,70.2,140,160,120,0.5,0.21,0.26,0.015,0.024,240,0.05,0.01,0,8681.759069,0.532333333,0,1030
930,30,0,0,930,340.2,895.812,70.2,60,200,120,0.5,0.21,0.31,0.012,0.019,690,0.08,0,0,9556.165119,0.621666667,0,1104
930,30,0,0,930,340.2,895.812,70.2,60,200,120,0.5,0.21,0.26,0.015,0.024,240,0.05,0.01,0,9556.165119,0.532333333,0,1008
885,30,0,0,30,0,30,0,30,30,0,0,0.22,0.19,0.026,0.022,825,0.04,0.02,0,1342.1616,0.296,0,225
885,30,0,0,30,0,30,0,30,30,0,0,0.22,0.26,0.021,0.023,1270,0.04,0.03,0,1342.1616,0.304333333,0,239
885,30,0,0,30,0,30,0,30,30,0,0,0.23,0.26,0.029,0.024,1740,0.11,0,0,1326.6669,0.323666667,0,255
930,30,0,0,930,139.8,850,15,60,160,120,0.5,0.23,0.35,0.008,0.012,860,0.07,0.01,0,8635.689669,0.581,0,1139
930,30,0,0,930,469.8,850,15,60,160,120,0.5,0.23,0.35,0.008,0.012,860,0.07,0.01,0,8635.689669,0.581,0,1124
930,30,0,0,930,540,850,15,140,160,120,0.5,0.23,0.35,0.008,0.012,860,0.07,0.01,0,8635.689669,0.581,0,1190
930,30,0,0,930,469.8,850,15,60,200,120,0.5,0.23,0.35,0.008,0.012,860,0.07,0.01,0,9505.455719,0.581,0,1110
930,30,0,0,930,130.2,882.381,25.2,60,160,120,0.5,0.23,0.29,0.011,0.011,440,0.013,0,0,8635.689669,0.557666667,0,976
930,30,0,0,930,450,895.517,34.8,60,160,120,0.5,0.23,0.29,0.011,0.011,440,0.013,0,0,8635.689669,0.557666667,0,946
930,30,0,0,930,510,903.333,45,140,160,120,0.5,0.23,0.29,0.011,0.011,440,0.013,0,0,8635.689669,0.557666667,0,1033
930,30,0,0,930,450,895.517,34.8,60,200,120,0.5,0.23,0.29,0.011,0.011,440,0.013,0,0,9505.455719,0.557666667,0,1009
930,30,0,0,930,100.2,895.517,34.8,60,160,120,0.5,0.23,0.2,0.013,0.018,690,0.07,0,0.01,8635.689669,0.602666667,0.215443469,1086
930,30,0,0,930,499.8,895.812,70.2,60,160,120,0.5,0.23,0.2,0.013,0.018,690,0.07,0,0.01,8635.689669,0.602666667,0.215443469,1057
930,30,0,0,930,529.8,895.812,70.2,140,160,120,0.5,0.23,0.2,0.013,0.018,690,0.07,0,0.01,8635.689669,0.602666667,0.215443469,1068
930,30,0,0,930,499.8,895.812,70.2,60,200,120,0.5,0.23,0.2,0.013,0.018,690,0.07,0,0.01,9505.455719,0.602666667,0.215443469,1120
885,30,0,0,30,0,30,0,30,30,0,0,0.25,0.18,0.009,0.017,610,0.11,0,0.04,1295.6775,0.358,0.341995189,235
885,30,0,0,30,0,30,0,30,30,0,0,0.26,0.21,0.017,0.022,825,0.07,0.02,0.04,1280.1828,0.338666667,0.341995189,232
885,30,0,0,30,0,30,0,30,30,0,0,0.26,0.27,0.008,0.015,1270,0.07,0.02,0,1280.1828,0.339666667,0,235
885,30,0,0,30,0,30,0,30,30,0,0,0.26,0.23,0.018,0.024,1740,0.06,0,0,1280.1828,0.350333333,0,241
885,30,0,0,30,0,30,0,30,30,0,0,0.26,0.22,0.026,0.026,825,0.06,0.02,0.02,1280.1828,0.348333333,0.271441762,245
885,30,0,0,30,0,30,0,30,30,0,0,0.27,0.25,0.02,0.021,1740,0.07,0,0,1264.6881,0.366,0,245
885,30,0,0,30,0,30,0,30,30,0,0,0.27,0.23,0.008,0.03,610,0.08,0,0.04,1264.6881,0.361666667,0.341995189,275
885,30,0,0,30,0,30,0,30,30,0,0,0.28,0.27,0.021,0.018,1270,0.08,0.01,0,1249.1934,0.371333333,0,255
900,845,30,8,30,0,30,0,30,550,60,24,0.28,0.27,0.019,0.009,420,0.02,0,0.02,16650.6794,0.723666667,0.271441762,576
900,845,30,8,30,0,30,0,30,600,60,24,0.28,0.27,0.019,0.009,420,0.02,0,0.02,17708.33546,0.723666667,0.271441762,537
900,845,30,8,30,0,30,0,30,650,60,24,0.28,0.27,0.019,0.009,420,0.02,0,0.02,18765.99152,0.723666667,0.271441762,502
900,845,30,8,30,0,30,0,30,550,60,24,0.3,0.27,0.018,0.008,820,0.01,0,0.01,16559.37,0.735,0.215443469,522
900,845,30,8,30,0,30,0,30,600,60,24,0.3,0.27,0.018,0.008,820,0.01,0,0.01,17611.22606,0.735,0.215443469,503
900,845,30,8,30,0,30,0,30,650,60,24,0.3,0.27,0.018,0.008,820,0.01,0,0.01,18663.08212,0.735,0.215443469,471
900,845,30,8,30,0,30,0,30,550,60,24,0.31,0.22,0.016,0.016,700,0.01,0,0.01,16513.7153,0.727333333,0.215443469,537
900,845,30,8,30,0,30,0,30,600,60,24,0.31,0.22,0.016,0.016,700,0.01,0,0.01,17562.67136,0.727333333,0.215443469,518
900,845,30,8,30,0,30,0,30,650,60,24,0.31,0.22,0.016,0.016,700,0.01,0,0.01,18611.62742,0.727333333,0.215443469,471
865,865,30,24,30,0,30,0,30,550,60,24,0.32,0.26,0.015,0.019,1740,0.06,0,0,16468.0606,0.449,0,418
865,865,30,24,30,0,30,0,30,550,60,24,0.32,0.21,0.007,0.017,610,0.06,0.05,0.03,16468.0606,0.454333333,0.310723251,379
865,865,30,24,30,0,30,0,30,600,60,24,0.32,0.26,0.015,0.019,1740,0.06,0,0,17514.11666,0.449,0,395
865,865,30,24,30,0,30,0,30,600,60,24,0.32,0.21,0.007,0.017,610,0.06,0.05,0.03,17514.11666,0.454333333,0.310723251,358
865,865,30,24,30,0,30,0,30,650,60,24,0.32,0.26,0.015,0.019,1740,0.06,0,0,18560.17272,0.449,0,348
865,865,30,24,30,0,30,0,30,650,60,24,0.32,0.21,0.007,0.017,610,0.06,0.05,0.03,18560.17272,0.454333333,0.310723251,325
900,845,30,8,30,0,30,0,30,550,60,24,0.32,0.3,0.008,0.006,610,0,0,0.01,16468.0606,0.749,0.215443469,563
900,845,30,8,30,0,30,0,30,550,60,24,0.32,0.24,0.009,0.01,700,0.01,0.01,0.03,16468.0606,0.739333333,0.310723251,530
900,845,30,8,30,0,30,0,30,550,60,24,0.32,0.29,0.018,0.004,420,0,0,0.02,16468.0606,0.739333333,0.271441762,570
900,845,30,8,30,0,30,0,30,550,60,24,0.32,0.3,0.013,0.009,1740,0.03,0,0,16468.0606,0.742666667,0,570
900,845,30,8,30,0,30,0,30,600,60,24,0.32,0.3,0.008,0.006,610,0,0,0.01,17514.11666,0.749,0.215443469,510
900,845,30,8,30,0,30,0,30,600,60,24,0.32,0.24,0.009,0.01,700,0.01,0.01,0.03,17514.11666,0.739333333,0.310723251,510
900,845,30,8,30,0,30,0,30,600,60,24,0.32,0.29,0.018,0.004,420,0,0,0.02,17514.11666,0.739333333,0.271441762,517
900,845,30,8,30,0,30,0,30,600,60,24,0.32,0.3,0.013,0.009,1740,0.03,0,0,17514.11666,0.742666667,0,540
900,845,30,8,30,0,30,0,30,650,60,24,0.32,0.3,0.008,0.006,610,0,0,0.01,18560.17272,0.749,0.215443469,490
900,845,30,8,30,0,30,0,30,650,60,24,0.32,0.24,0.009,0.01,700,0.01,0.01,0.03,18560.17272,0.739333333,0.310723251,477
900,845,30,8,30,0,30,0,30,650,60,24,0.32,0.29,0.018,0.004,420,0,0,0.02,18560.17272,0.739333333,0.271441762,483
900,845,30,8,30,0,30,0,30,650,60,24,0.32,0.3,0.013,0.009,1740,0.03,0,0,18560.17272,0.742666667,0,497
865,865,30,24,30,0,30,0,30,550,60,24,0.33,0.21,0.031,0.019,825,0.08,0,0,16422.4059,0.463,0,426
865,865,30,24,30,0,30,0,30,550,60,24,0.33,0.26,0.023,0.013,1270,0.08,0.02,0,16422.4059,0.479333333,0,454
865,865,30,24,30,0,30,0,30,600,60,24,0.33,0.21,0.031,0.019,825,0.08,0,0,17465.56196,0.463,0,377
865,865,30,24,30,0,30,0,30,600,60,24,0.33,0.26,0.023,0.013,1270,0.08,0.02,0,17465.56196,0.479333333,0,425
865,865,30,24,30,0,30,0,30,650,60,24,0.33,0.21,0.031,0.019,825,0.08,0,0,18508.71802,0.463,0,362
865,865,30,24,30,0,30,0,30,650,60,24,0.33,0.26,0.023,0.013,1270,0.08,0.02,0,18508.71802,0.479333333,0,385
870,855,30,8,30,0,30,0,30,550,60,24,0.33,0.27,0.015,0.008,640,0.03,0,0,16422.4059,0.685,0,585
870,855,30,8,30,0,30,0,30,600,60,24,0.33,0.27,0.015,0.008,640,0.03,0,0,17465.56196,0.685,0,535
870,855,30,8,30,0,30,0,30,650,60,24,0.33,0.27,0.015,0.008,640,0.03,0,0,18508.71802,0.685,0,467
900,845,30,8,30,0,30,0,30,550,60,24,0.33,0.3,0.009,0.006,820,0.01,0,0.01,16422.4059,0.757,0.215443469,569
900,845,30,8,30,0,30,0,30,600,60,24,0.33,0.3,0.009,0.006,820,0.01,0,0.01,17465.56196,0.757,0.215443469,523
900,845,30,8,30,0,30,0,30,650,60,24,0.33,0.3,0.009,0.006,820,0.01,0,0.01,18508.71802,0.757,0.215443469,476
865,865,30,24,30,0,30,0,30,550,60,24,0.34,0.26,0.012,0.015,1740,0.08,0,0,16376.7512,0.468666667,0,401
865,865,30,24,30,0,30,0,30,600,60,24,0.34,0.26,0.012,0.015,1740,0.08,0,0,17417.00726,0.468666667,0,365
865,865,30,24,30,0,30,0,30,650,60,24,0.34,0.26,0.012,0.015,1740,0.08,0,0,18457.26332,0.468666667,0,325
870,855,30,8,30,0,30,0,30,550,60,24,0.34,0.25,0.019,0.011,500,0.08,0,0.01,16376.7512,0.710666667,0.215443469,535
870,855,30,8,30,0,30,0,30,550,60,24,0.34,0.29,0.019,0.013,500,0.08,0,0,16376.7512,0.715666667,0,557
870,855,30,8,30,0,30,0,30,600,60,24,0.34,0.25,0.019,0.011,500,0.08,0,0.01,17417.00726,0.710666667,0.215443469,490
870,855,30,8,30,0,30,0,30,600,60,24,0.34,0.29,0.019,0.013,500,0.08,0,0,17417.00726,0.715666667,0,524
870,855,30,8,30,0,30,0,30,650,60,24,0.34,0.25,0.019,0.011,500,0.08,0,0.01,18457.26332,0.710666667,0.215443469,459
870,855,30,8,30,0,30,0,30,650,60,24,0.34,0.29,0.019,0.013,500,0.08,0,0,18457.26332,0.715666667,0,476
900,845,30,8,30,0,30,0,30,550,60,24,0.34,0.26,0.01,0.009,700,0.01,0,0.01,16376.7512,0.795,0.215443469,549
900,845,30,8,30,0,30,0,30,600,60,24,0.34,0.26,0.01,0.009,700,0.01,0,0.01,17417.00726,0.795,0.215443469,536
900,845,30,8,30,0,30,0,30,650,60,24,0.34,0.26,0.01,0.009,700,0.01,0,0.01,18457.26332,0.795,0.215443469,496
865,865,30,24,30,0,30,0,30,550,60,24,0.35,0.21,0.021,0.022,825,0.05,0.03,0,16331.0965,0.482333333,0,397
865,865,30,24,30,0,30,0,30,550,60,24,0.35,0.3,0.017,0.024,1270,0.07,0.02,0,16331.0965,0.494666667,0,419
865,865,30,24,30,0,30,0,30,550,60,24,0.35,0.25,0.016,0.023,825,0.07,0.04,0,16331.0965,0.491333333,0,395
865,865,30,24,30,0,30,0,30,600,60,24,0.35,0.21,0.021,0.022,825,0.05,0.03,0,17368.45256,0.482333333,0,382
865,865,30,24,30,0,30,0,30,600,60,24,0.35,0.3,0.017,0.024,1270,0.07,0.02,0,17368.45256,0.494666667,0,385
865,865,30,24,30,0,30,0,30,600,60,24,0.35,0.25,0.016,0.023,825,0.07,0.04,0,17368.45256,0.491333333,0,375
865,865,30,24,30,0,30,0,30,650,60,24,0.35,0.21,0.021,0.022,825,0.05,0.03,0,18405.80862,0.482333333,0,344
865,865,30,24,30,0,30,0,30,650,60,24,0.35,0.3,0.017,0.024,1270,0.07,0.02,0,18405.80862,0.494666667,0,369
865,865,30,24,30,0,30,0,30,650,60,24,0.35,0.25,0.016,0.023,825,0.07,0.04,0,18405.80862,0.491333333,0,341
870,855,30,8,30,0,30,0,30,550,60,24,0.35,0.3,0.019,0.012,1250,0,0,0.02,16331.0965,0.704666667,0.271441762,571
870,855,30,8,30,0,30,0,30,550,60,24,0.35,0.25,0.02,0.017,1120,0.03,0,0.01,16331.0965,0.736666667,0.215443469,563
870,855,30,8,30,0,30,0,30,550,60,24,0.35,0.25,0.02,0.013,1740,0.05,0,0,16331.0965,0.717,0,583
870,855,30,8,30,0,30,0,30,550,60,24,0.35,0.25,0.026,0.018,820,0.1,0,0,16331.0965,0.700666667,0,592
870,855,30,8,30,0,30,0,30,600,60,24,0.35,0.3,0.019,0.012,1250,0,0,0.02,17368.45256,0.704666667,0.271441762,519
870,855,30,8,30,0,30,0,30,600,60,24,0.35,0.25,0.02,0.017,1120,0.03,0,0.01,17368.45256,0.736666667,0.215443469,530
870,855,30,8,30,0,30,0,30,600,60,24,0.35,0.25,0.02,0.013,1740,0.05,0,0,17368.45256,0.717,0,546
870,855,30,8,30,0,30,0,30,600,60,24,0.35,0.25,0.026,0.018,820,0.1,0,0,17368.45256,0.700666667,0,550
870,855,30,8,30,0,30,0,30,650,60,24,0.35,0.3,0.019,0.012,1250,0,0,0.02,18405.80862,0.704666667,0.271441762,491
870,855,30,8,30,0,30,0,30,650,60,24,0.35,0.25,0.02,0.017,1120,0.03,0,0.01,18405.80862,0.736666667,0.215443469,469
870,855,30,8,30,0,30,0,30,650,60,24,0.35,0.25,0.02,0.013,1740,0.05,0,0,18405.80862,0.717,0,496
870,855,30,8,30,0,30,0,30,650,60,24,0.35,0.25,0.026,0.018,820,0.1,0,0,18405.80862,0.700666667,0,511
900,845,30,8,30,0,30,0,30,550,60,24,0.35,0.26,0.019,0.003,420,0,0,0.02,16331.0965,0.806666667,0.271441762,578
900,845,30,8,30,0,30,0,30,600,60,24,0.35,0.26,0.019,0.003,420,0,0,0.02,17368.45256,0.806666667,0.271441762,540
900,845,30,8,30,0,30,0,30,650,60,24,0.35,0.26,0.019,0.003,420,0,0,0.02,18405.80862,0.806666667,0.271441762,503
865,865,30,24,30,0,30,0,30,550,60,24,0.36,0.26,0.009,0.023,610,0.07,0,0.03,16285.4418,0.512,0.310723251,394
865,865,30,24,30,0,30,0,30,600,60,24,0.36,0.26,0.009,0.023,610,0.07,0,0.03,17319.89786,0.512,0.310723251,379
865,865,30,24,30,0,30,0,30,650,60,24,0.36,0.26,0.009,0.023,610,0.07,0,0.03,18354.35392,0.512,0.310723251,338
870,855,30,8,30,0,30,0,30,550,60,24,0.36,0.3,0.017,0.016,820,0.08,0,0.01,16285.4418,0.731666667,0.215443469,587
870,855,30,8,30,0,30,0,30,550,60,24,0.36,0.27,0.012,0.007,1120,0,0,0.01,16285.4418,0.736333333,0.215443469,578
870,855,30,8,30,0,30,0,30,550,60,24,0.36,0.23,0.014,0.022,530,0.02,0,0,16285.4418,0.733666667,0,526
870,855,30,8,30,0,30,0,30,550,60,24,0.36,0.35,0.016,0.02,740,0.02,0,0.01,16285.4418,0.718666667,0.215443469,572
870,855,30,8,30,0,30,0,30,600,60,24,0.36,0.3,0.017,0.016,820,0.08,0,0.01,17319.89786,0.731666667,0.215443469,552
870,855,30,8,30,0,30,0,30,600,60,24,0.36,0.27,0.012,0.007,1120,0,0,0.01,17319.89786,0.736333333,0.215443469,524
870,855,30,8,30,0,30,0,30,600,60,24,0.36,0.23,0.014,0.022,530,0.02,0,0,17319.89786,0.733666667,0,508
870,855,30,8,30,0,30,0,30,600,60,24,0.36,0.35,0.016,0.02,740,0.02,0,0.01,17319.89786,0.718666667,0.215443469,550
870,855,30,8,30,0,30,0,30,650,60,24,0.36,0.3,0.017,0.016,820,0.08,0,0.01,18354.35392,0.731666667,0.215443469,497
870,855,30,8,30,0,30,0,30,650,60,24,0.36,0.27,0.012,0.007,1120,0,0,0.01,18354.35392,0.736333333,0.215443469,463
870,855,30,8,30,0,30,0,30,650,60,24,0.36,0.23,0.014,0.022,530,0.02,0,0,18354.35392,0.733666667,0,464
870,855,30,8,30,0,30,0,30,650,60,24,0.36,0.35,0.016,0.02,740,0.02,0,0.01,18354.35392,0.718666667,0.215443469,489
865,865,30,24,30,0,30,0,30,550,60,24,0.37,0.27,0.016,0.02,1270,0.13,0.01,0,16239.7871,0.524,0,416
865,865,30,24,30,0,30,0,30,550,60,24,0.37,0.24,0.015,0.02,1740,0.1,0,0,16239.7871,0.496666667,0,433
865,865,30,24,30,0,30,0,30,600,60,24,0.37,0.27,0.016,0.02,1270,0.13,0.01,0,17271.34316,0.524,0,393
865,865,30,24,30,0,30,0,30,600,60,24,0.37,0.24,0.015,0.02,1740,0.1,0,0,17271.34316,0.496666667,0,389
865,865,30,24,30,0,30,0,30,650,60,24,0.37,0.27,0.016,0.02,1270,0.13,0.01,0,18302.89922,0.524,0,368
865,865,30,24,30,0,30,0,30,650,60,24,0.37,0.24,0.015,0.02,1740,0.1,0,0,18302.89922,0.496666667,0,365
870,855,30,8,30,0,30,0,30,550,60,24,0.37,0.23,0.012,0.017,530,0.01,0.01,0,16239.7871,0.762666667,0,562
870,855,30,8,30,0,30,0,30,550,60,24,0.37,0.29,0.017,0.009,500,0.05,0,0.02,16239.7871,0.746666667,0.271441762,573
870,855,30,8,30,0,30,0,30,600,60,24,0.37,0.23,0.012,0.017,530,0.01,0.01,0,17271.34316,0.762666667,0,515
870,855,30,8,30,0,30,0,30,600,60,24,0.37,0.29,0.017,0.009,500,0.05,0,0.02,17271.34316,0.746666667,0.271441762,542
870,855,30,8,30,0,30,0,30,650,60,24,0.37,0.23,0.012,0.017,530,0.01,0.01,0,18302.89922,0.762666667,0,477
870,855,30,8,30,0,30,0,30,650,60,24,0.37,0.29,0.017,0.009,500,0.05,0,0.02,18302.89922,0.746666667,0.271441762,490
870,855,30,8,30,0,30,0,30,550,60,24,0.37,0.24,0.018,0.016,1740,0.06,0,0.01,16239.7871,0.725666667,0.215443469,606
870,855,30,8,30,0,30,0,30,600,60,24,0.37,0.24,0.018,0.016,1740,0.06,0,0.01,17271.34316,0.725666667,0.215443469,551
870,855,30,8,30,0,30,0,30,650,60,24,0.37,0.24,0.018,0.016,1740,0.06,0,0.01,18302.89922,0.725666667,0.215443469,504
870,845,30,8,30,0,30,0,30,580,60,24,0.37,0.29,0.017,0.01,420,0.07,0,0.01,16858.72073,0.852,0.215443469,643
870,845,30,8,30,0,30,0,30,630,60,24,0.37,0.29,0.017,0.01,420,0.07,0,0.01,17890.2768,0.852,0.215443469,583
870,845,30,8,30,0,30,0,30,680,60,24,0.37,0.29,0.017,0.01,420,0.07,0,0.01,18921.83286,0.852,0.215443469,491
865,865,30,24,30,0,30,0,30,550,60,24,0.38,0.29,0.01,0.03,610,0.06,0.01,0.01,16194.1324,0.526,0.215443469,426
865,865,30,24,30,0,30,0,30,600,60,24,0.38,0.29,0.01,0.03,610,0.06,0.01,0.01,17222.78846,0.526,0.215443469,394
865,865,30,24,30,0,30,0,30,650,60,24,0.38,0.29,0.01,0.03,610,0.06,0.01,0.01,18251.44452,0.526,0.215443469,361
870,855,30,8,30,0,30,0,30,550,60,24,0.38,0.27,0.015,0.012,1120,0.03,0,0.02,16194.1324,0.772,0.271441762,536
870,855,30,8,30,0,30,0,30,600,60,24,0.38,0.27,0.015,0.012,1120,0.03,0,0.02,17222.78846,0.772,0.271441762,592
870,855,30,8,30,0,30,0,30,650,60,24,0.38,0.27,0.015,0.012,1120,0.03,0,0.02,18251.44452,0.772,0.271441762,523
870,845,30,8,30,0,30,0,30,550,60,24,0.38,0.27,0.012,0.007,610,0.03,0,0.01,16194.1324,0.666,0.215443469,427
870,845,30,8,30,0,30,0,30,550,60,24,0.38,0.21,0.017,0.015,480,0.02,0,0,16194.1324,0.690333333,0,432
870,845,30,8,30,0,30,0,30,600,60,24,0.38,0.27,0.012,0.007,610,0.03,0,0.01,17222.78846,0.666,0.215443469,406
870,845,30,8,30,0,30,0,30,600,60,24,0.38,0.21,0.017,0.015,480,0.02,0,0,17222.78846,0.690333333,0,406
870,845,30,8,30,0,30,0,30,650,60,24,0.38,0.27,0.012,0.007,610,0.03,0,0.01,18251.44452,0.666,0.215443469,385
870,845,30,8,30,0,30,0,30,650,60,24,0.38,0.21,0.017,0.015,480,0.02,0,0,18251.44452,0.690333333,0,363
870,845,30,8,30,0,30,0,30,580,60,24,0.38,0.26,0.016,0.017,5530,0.08,0,0.01,16811.32603,0.817,0.215443469,604
870,845,30,8,30,0,30,0,30,580,60,24,0.38,0.26,0.016,0.008,590,0.06,0.01,0,16811.32603,0.793,0,588
870,845,30,8,30,0,30,0,30,580,60,24,0.38,0.29,0.012,0.008,820,0.04,0.01,0.01,16811.32603,0.804,0.215443469,604
870,845,30,8,30,0,30,0,30,630,60,24,0.38,0.26,0.016,0.017,5530,0.08,0,0.01,17839.9821,0.817,0.215443469,571
870,845,30,8,30,0,30,0,30,630,60,24,0.38,0.26,0.016,0.008,590,0.06,0.01,0,17839.9821,0.793,0,531
870,845,30,8,30,0,30,0,30,630,60,24,0.38,0.29,0.012,0.008,820,0.04,0.01,0.01,17839.9821,0.804,0.215443469,550
870,845,30,8,30,0,30,0,30,680,60,24,0.38,0.26,0.016,0.017,5530,0.08,0,0.01,18868.63816,0.817,0.215443469,483
870,845,30,8,30,0,30,0,30,680,60,24,0.38,0.26,0.016,0.008,590,0.06,0.01,0,18868.63816,0.793,0,471
870,845,30,8,30,0,30,0,30,680,60,24,0.38,0.29,0.012,0.008,820,0.04,0.01,0.01,18868.63816,0.804,0.215443469,483
870,855,30,8,30,0,30,0,30,550,60,24,0.39,0.25,0.011,0.005,820,0.01,0.01,0.01,16148.4777,0.719,0.215443469,536
870,855,30,8,30,0,30,0,30,600,60,24,0.39,0.25,0.011,0.005,820,0.01,0.01,0.01,17174.23376,0.719,0.215443469,511
870,855,30,8,30,0,30,0,30,650,60,24,0.39,0.25,0.011,0.005,820,0.01,0.01,0.01,18199.98982,0.719,0.215443469,459
870,855,30,8,30,0,30,0,30,550,60,24,0.39,0.27,0.019,0.008,500,0.08,0,0.01,16148.4777,0.774,0.215443469,581
870,855,30,8,30,0,30,0,30,550,60,24,0.39,0.28,0.021,0.018,1120,0.02,0,0.01,16148.4777,0.788333333,0.215443469,638
870,855,30,8,30,0,30,0,30,600,60,24,0.39,0.27,0.019,0.008,500,0.08,0,0.01,17174.23376,0.774,0.215443469,539
870,855,30,8,30,0,30,0,30,600,60,24,0.39,0.28,0.021,0.018,1120,0.02,0,0.01,17174.23376,0.788333333,0.215443469,557
870,855,30,8,30,0,30,0,30,650,60,24,0.39,0.27,0.019,0.008,500,0.08,0,0.01,18199.98982,0.774,0.215443469,496
870,855,30,8,30,0,30,0,30,650,60,24,0.39,0.28,0.021,0.018,1120,0.02,0,0.01,18199.98982,0.788333333,0.215443469,502
870,845,30,8,30,0,30,0,30,550,60,24,0.39,0.22,0.017,0.018,480,0.01,0,0.01,16148.4777,0.685,0.215443469,486
870,845,30,8,30,0,30,0,30,600,60,24,0.39,0.22,0.017,0.018,480,0.01,0,0.01,17174.23376,0.685,0.215443469,435
870,845,30,8,30,0,30,0,30,650,60,24,0.39,0.22,0.017,0.018,480,0.01,0,0.01,18199.98982,0.685,0.215443469,397
870,845,30,8,30,0,30,0,30,580,60,24,0.39,0.19,0.01,0.012,640,0.01,0,0,16763.93133,0.814333333,0,591
870,845,30,8,30,0,30,0,30,580,60,24,0.39,0.25,0.015,0.013,640,0.03,0,0,16763.93133,0.841666667,0,609
870,845,30,8,30,0,30,0,30,630,60,24,0.39,0.19,0.01,0.012,640,0.01,0,0,17789.6874,0.814333333,0,551
870,845,30,8,30,0,30,0,30,630,60,24,0.39,0.25,0.015,0.013,640,0.03,0,0,17789.6874,0.841666667,0,563
870,845,30,8,30,0,30,0,30,680,60,24,0.39,0.19,0.01,0.012,640,0.01,0,0,18815.44346,0.814333333,0,482
870,845,30,8,30,0,30,0,30,680,60,24,0.39,0.25,0.015,0.013,640,0.03,0,0,18815.44346,0.841666667,0,490
870,855,30,8,30,0,30,0,30,550,60,24,0.4,0.31,0.012,0.01,1120,0.02,0,0.03,16102.823,0.763333333,0.310723251,583
870,855,30,8,30,0,30,0,30,550,60,24,0.4,0.32,0.013,0.011,1120,0.02,0,0.01,16102.823,0.755666667,0.215443469,562
870,855,30,8,30,0,30,0,30,600,60,24,0.4,0.31,0.012,0.01,1120,0.02,0,0.03,17125.67906,0.763333333,0.310723251,516
870,855,30,8,30,0,30,0,30,600,60,24,0.4,0.32,0.013,0.011,1120,0.02,0,0.01,17125.67906,0.755666667,0.215443469,503
870,855,30,8,30,0,30,0,30,650,60,24,0.4,0.31,0.012,0.01,1120,0.02,0,0.03,18148.53512,0.763333333,0.310723251,482
870,855,30,8,30,0,30,0,30,650,60,24,0.4,0.32,0.013,0.011,1120,0.02,0,0.01,18148.53512,0.755666667,0.215443469,483
870,855,30,8,30,0,30,0,30,550,60,24,0.4,0.26,0.018,0.005,610,0.05,0,0.01,16102.823,0.770333333,0.215443469,562
870,855,30,8,30,0,30,0,30,550,60,24,0.4,0.26,0.024,0.017,500,0.1,0,0,16102.823,0.778,0,585
870,855,30,8,30,0,30,0,30,550,60,24,0.4,0.25,0.011,0.015,700,0.07,0.01,0,16102.823,0.805,0,603
870,855,30,8,30,0,30,0,30,550,60,24,0.4,0.22,0.01,0.004,820,0.02,0,0.02,16102.823,0.749333333,0.271441762,625
870,855,30,8,30,0,30,0,30,550,60,24,0.4,0.25,0.014,0.028,510,0.04,0,0.03,16102.823,0.774,0.310723251,631
870,855,30,8,30,0,30,0,30,600,60,24,0.4,0.26,0.018,0.005,610,0.05,0,0.01,17125.67906,0.770333333,0.215443469,550
870,855,30,8,30,0,30,0,30,600,60,24,0.4,0.26,0.024,0.017,500,0.1,0,0,17125.67906,0.778,0,543
870,855,30,8,30,0,30,0,30,600,60,24,0.4,0.25,0.011,0.015,700,0.07,0.01,0,17125.67906,0.805,0,543
870,855,30,8,30,0,30,0,30,600,60,24,0.4,0.22,0.01,0.004,820,0.02,0,0.02,17125.67906,0.749333333,0.271441762,563
870,855,30,8,30,0,30,0,30,600,60,24,0.4,0.25,0.014,0.028,510,0.04,0,0.03,17125.67906,0.774,0.310723251,577
870,855,30,8,30,0,30,0,30,650,60,24,0.4,0.26,0.018,0.005,610,0.05,0,0.01,18148.53512,0.770333333,0.215443469,494
870,855,30,8,30,0,30,0,30,650,60,24,0.4,0.26,0.024,0.017,500,0.1,0,0,18148.53512,0.778,0,496
870,855,30,8,30,0,30,0,30,650,60,24,0.4,0.25,0.011,0.015,700,0.07,0.01,0,18148.53512,0.805,0,501
870,855,30,8,30,0,30,0,30,650,60,24,0.4,0.22,0.01,0.004,820,0.02,0,0.02,18148.53512,0.749333333,0.271441762,517
870,855,30,8,30,0,30,0,30,650,60,24,0.4,0.25,0.014,0.028,510,0.04,0,0.03,18148.53512,0.774,0.310723251,523
870,845,30,8,30,0,30,0,30,550,60,24,0.4,0.25,0.017,0.015,1740,0.06,0,0.01,16102.823,0.652,0.215443469,510
870,845,30,8,30,0,30,0,30,550,60,24,0.4,0.22,0.011,0.019,530,0.02,0,0.01,16102.823,0.685333333,0.215443469,451
870,845,30,8,30,0,30,0,30,550,60,24,0.4,0.25,0.017,0.012,1740,0.06,0,0.01,16102.823,0.638666667,0.215443469,482
870,845,30,8,30,0,30,0,30,600,60,24,0.4,0.25,0.017,0.015,1740,0.06,0,0.01,17125.67906,0.652,0.215443469,470
870,845,30,8,30,0,30,0,30,600,60,24,0.4,0.22,0.011,0.019,530,0.02,0,0.01,17125.67906,0.685333333,0.215443469,438
870,845,30,8,30,0,30,0,30,600,60,24,0.4,0.25,0.017,0.012,1740,0.06,0,0.01,17125.67906,0.638666667,0.215443469,443
870,845,30,8,30,0,30,0,30,650,60,24,0.4,0.25,0.017,0.015,1740,0.06,0,0.01,18148.53512,0.652,0.215443469,425
870,845,30,8,30,0,30,0,30,650,60,24,0.4,0.22,0.011,0.019,530,0.02,0,0.01,18148.53512,0.685333333,0.215443469,396
870,845,30,8,30,0,30,0,30,650,60,24,0.4,0.25,0.017,0.012,1740,0.06,0,0.01,18148.53512,0.638666667,0.215443469,398
870,845,30,8,30,0,30,0,30,550,60,24,0.4,0.25,0.027,0.016,1510,0,0,0.02,16102.823,0.655,0.271441762,516
870,845,30,8,30,0,30,0,30,600,60,24,0.4,0.25,0.027,0.016,1510,0,0,0.02,17125.67906,0.655,0.271441762,461
870,845,30,8,30,0,30,0,30,650,60,24,0.4,0.25,0.027,0.016,1510,0,0,0.02,18148.53512,0.655,0.271441762,410
870,845,30,8,30,0,30,0,30,580,60,24,0.4,0.23,0.011,0.01,740,0.05,0,0.01,16716.53663,0.836,0.215443469,590
870,845,30,8,30,0,30,0,30,580,60,24,0.4,0.29,0.022,0.009,420,0.03,0,0.01,16716.53663,0.903,0.215443469,606
870,845,30,8,30,0,30,0,30,580,60,24,0.4,0.25,0.021,0.02,590,0.07,0,0.01,16716.53663,0.806666667,0.215443469,584
870,845,30,8,30,0,30,0,30,580,60,24,0.4,0.33,0.011,0.012,1290,0.06,0,0,16716.53663,0.829,0,591
870,845,30,8,30,0,30,0,30,630,60,24,0.4,0.23,0.011,0.01,740,0.05,0,0.01,17739.3927,0.836,0.215443469,543
870,845,30,8,30,0,30,0,30,630,60,24,0.4,0.29,0.022,0.009,420,0.03,0,0.01,17739.3927,0.903,0.215443469,543
870,845,30,8,30,0,30,0,30,630,60,24,0.4,0.25,0.021,0.02,590,0.07,0,0.01,17739.3927,0.806666667,0.215443469,524
870,845,30,8,30,0,30,0,30,630,60,24,0.4,0.33,0.011,0.012,1290,0.06,0,0,17739.3927,0.829,0,542
870,845,30,8,30,0,30,0,30,680,60,24,0.4,0.23,0.011,0.01,740,0.05,0,0.01,18762.24876,0.836,0.215443469,482
870,845,30,8,30,0,30,0,30,680,60,24,0.4,0.29,0.022,0.009,420,0.03,0,0.01,18762.24876,0.903,0.215443469,490
870,845,30,8,30,0,30,0,30,680,60,24,0.4,0.25,0.021,0.02,590,0.07,0,0.01,18762.24876,0.806666667,0.215443469,476
870,845,30,8,30,0,30,0,30,680,60,24,0.4,0.33,0.011,0.012,1290,0.06,0,0,18762.24876,0.829,0,480
870,855,30,8,30,0,30,0,30,550,60,24,0.41,0.24,0.014,0.015,530,0.03,0,0,16057.1683,0.796333333,0,610
870,855,30,8,30,0,30,0,30,550,60,24,0.41,0.24,0.015,0.024,510,0.04,0,0.01,16057.1683,0.792,0.215443469,635
870,855,30,8,30,0,30,0,30,550,60,24,0.41,0.25,0.013,0.019,700,0.03,0,0,16057.1683,0.772,0,566
870,855,30,8,30,0,30,0,30,600,60,24,0.41,0.24,0.014,0.015,530,0.03,0,0,17077.12436,0.796333333,0,551
870,855,30,8,30,0,30,0,30,600,60,24,0.41,0.24,0.015,0.024,510,0.04,0,0.01,17077.12436,0.792,0.215443469,590
870,855,30,8,30,0,30,0,30,600,60,24,0.41,0.25,0.013,0.019,700,0.03,0,0,17077.12436,0.772,0,527
870,855,30,8,30,0,30,0,30,650,60,24,0.41,0.24,0.014,0.015,530,0.03,0,0,18097.08042,0.796333333,0,490
870,855,30,8,30,0,30,0,30,650,60,24,0.41,0.24,0.015,0.024,510,0.04,0,0.01,18097.08042,0.792,0.215443469,517
870,855,30,8,30,0,30,0,30,650,60,24,0.41,0.25,0.013,0.019,700,0.03,0,0,18097.08042,0.772,0,480
870,845,30,8,30,0,30,0,30,550,60,24,0.41,0.24,0.02,0.008,610,0.02,0.01,0.02,16057.1683,0.713666667,0.271441762,425
870,845,30,8,30,0,30,0,30,600,60,24,0.41,0.24,0.02,0.008,610,0.02,0.01,0.02,17077.12436,0.713666667,0.271441762,404
870,845,30,8,30,0,30,0,30,650,60,24,0.41,0.24,0.02,0.008,610,0.02,0.01,0.02,18097.08042,0.713666667,0.271441762,380
870,845,30,8,30,0,30,0,30,550,60,24,0.41,0.34,0.02,0.015,1100,0.04,0,0,16057.1683,0.702,0,530
870,845,30,8,30,0,30,0,30,550,60,24,0.41,0.22,0.01,0.007,820,0.02,0,0.01,16057.1683,0.678666667,0.215443469,445
870,845,30,8,30,0,30,0,30,550,60,24,0.41,0.22,0.014,0.018,480,0.02,0,0,16057.1683,0.705333333,0,443
870,845,30,8,30,0,30,0,30,600,60,24,0.41,0.34,0.02,0.015,1100,0.04,0,0,17077.12436,0.702,0,497
870,845,30,8,30,0,30,0,30,600,60,24,0.41,0.22,0.01,0.007,820,0.02,0,0.01,17077.12436,0.678666667,0.215443469,399
870,845,30,8,30,0,30,0,30,600,60,24,0.41,0.22,0.014,0.018,480,0.02,0,0,17077.12436,0.705333333,0,424
870,845,30,8,30,0,30,0,30,650,60,24,0.41,0.34,0.02,0.015,1100,0.04,0,0,18097.08042,0.702,0,450
870,845,30,8,30,0,30,0,30,650,60,24,0.41,0.22,0.01,0.007,820,0.02,0,0.01,18097.08042,0.678666667,0.215443469,383
870,845,30,8,30,0,30,0,30,650,60,24,0.41,0.22,0.014,0.018,480,0.02,0,0,18097.08042,0.705333333,0,399
870,845,30,8,30,0,30,0,30,580,60,24,0.41,0.29,0.013,0.01,820,0.04,0,0,16669.14193,0.856,0,550
870,845,30,8,30,0,30,0,30,630,60,24,0.41,0.29,0.013,0.01,820,0.04,0,0,17689.098,0.856,0,512
870,845,30,8,30,0,30,0,30,680,60,24,0.41,0.29,0.013,0.01,820,0.04,0,0,18709.05406,0.856,0,469
845,845,30,24,30,0,30,0,30,550,60,24,0.42,0.22,0.022,0.02,825,0.11,0.04,0,16011.5136,0.556666667,0,437
845,845,30,24,30,0,30,0,30,550,60,24,0.42,0.26,0.024,0.01,1270,0.04,0.01,0,16011.5136,0.558,0,452
845,845,30,24,30,0,30,0,30,600,60,24,0.42,0.22,0.022,0.02,825,0.11,0.04,0,17028.56966,0.556666667,0,401
845,845,30,24,30,0,30,0,30,600,60,24,0.42,0.26,0.024,0.01,1270,0.04,0.01,0,17028.56966,0.558,0,422
845,845,30,24,30,0,30,0,30,650,60,24,0.42,0.22,0.022,0.02,825,0.11,0.04,0,18045.62572,0.556666667,0,372
845,845,30,24,30,0,30,0,30,650,60,24,0.42,0.26,0.024,0.01,1270,0.04,0.01,0,18045.62572,0.558,0,382
870,855,30,8,30,0,30,0,30,550,60,24,0.42,0.27,0.01,0.008,820,0.01,0,0.01,16011.5136,0.734333333,0.215443469,524
870,855,30,8,30,0,30,0,30,550,60,24,0.42,0.22,0.016,0.014,1740,0.03,0,0.01,16011.5136,0.754666667,0.215443469,569
870,855,30,8,30,0,30,0,30,550,60,24,0.42,0.32,0.014,0.007,1120,0.01,0,0.01,16011.5136,0.777666667,0.215443469,577
870,855,30,8,30,0,30,0,30,550,60,24,0.42,0.26,0.01,0.004,820,0.03,0,0.02,16011.5136,0.744,0.271441762,565
870,855,30,8,30,0,30,0,30,600,60,24,0.42,0.27,0.01,0.008,820,0.01,0,0.01,17028.56966,0.734333333,0.215443469,504
870,855,30,8,30,0,30,0,30,600,60,24,0.42,0.22,0.016,0.014,1740,0.03,0,0.01,17028.56966,0.754666667,0.215443469,517
870,855,30,8,30,0,30,0,30,600,60,24,0.42,0.32,0.014,0.007,1120,0.01,0,0.01,17028.56966,0.777666667,0.215443469,518
870,855,30,8,30,0,30,0,30,600,60,24,0.42,0.26,0.01,0.004,820,0.03,0,0.02,17028.56966,0.744,0.271441762,524
870,855,30,8,30,0,30,0,30,650,60,24,0.42,0.27,0.01,0.008,820,0.01,0,0.01,18045.62572,0.734333333,0.215443469,457
870,855,30,8,30,0,30,0,30,650,60,24,0.42,0.22,0.016,0.014,1740,0.03,0,0.01,18045.62572,0.754666667,0.215443469,470
870,855,30,8,30,0,30,0,30,650,60,24,0.42,0.32,0.014,0.007,1120,0.01,0,0.01,18045.62572,0.777666667,0.215443469,490
870,855,30,8,30,0,30,0,30,650,60,24,0.42,0.26,0.01,0.004,820,0.03,0,0.02,18045.62572,0.744,0.271441762,485
870,855,30,8,30,0,30,0,30,550,60,24,0.42,0.29,0.015,0.017,500,0.09,0.01,0.01,16011.5136,0.812333333,0.215443469,582
870,855,30,8,30,0,30,0,30,550,60,24,0.42,0.28,0.015,0.008,820,0.04,0,0.01,16011.5136,0.799666667,0.215443469,634
870,855,30,8,30,0,30,0,30,600,60,24,0.42,0.29,0.015,0.017,500,0.09,0.01,0.01,17028.56966,0.812333333,0.215443469,583
870,855,30,8,30,0,30,0,30,600,60,24,0.42,0.28,0.015,0.008,820,0.04,0,0.01,17028.56966,0.799666667,0.215443469,570
870,855,30,8,30,0,30,0,30,650,60,24,0.42,0.29,0.015,0.017,500,0.09,0.01,0.01,18045.62572,0.812333333,0.215443469,505
870,855,30,8,30,0,30,0,30,650,60,24,0.42,0.28,0.015,0.008,820,0.04,0,0.01,18045.62572,0.799666667,0.215443469,502
870,845,30,8,30,0,30,0,30,550,60,24,0.42,0.23,0.01,0.009,820,0.03,0,0,16011.5136,0.706,0,505
870,845,30,8,30,0,30,0,30,550,60,24,0.42,0.21,0.014,0.015,480,0.02,0,0,16011.5136,0.717333333,0,484
870,845,30,8,30,0,30,0,30,550,60,24,0.42,0.24,0.014,0.022,480,0.02,0,0,16011.5136,0.726,0,495
870,845,30,8,30,0,30,0,30,550,60,24,0.42,0.21,0.026,0.019,1510,0,0,0.03,16011.5136,0.697666667,0.310723251,551
870,845,30,8,30,0,30,0,30,600,60,24,0.42,0.23,0.01,0.009,820,0.03,0,0,17028.56966,0.706,0,449
870,845,30,8,30,0,30,0,30,600,60,24,0.42,0.21,0.014,0.015,480,0.02,0,0,17028.56966,0.717333333,0,451
870,845,30,8,30,0,30,0,30,600,60,24,0.42,0.24,0.014,0.022,480,0.02,0,0,17028.56966,0.726,0,459
870,845,30,8,30,0,30,0,30,600,60,24,0.42,0.21,0.026,0.019,1510,0,0,0.03,17028.56966,0.697666667,0.310723251,497
870,845,30,8,30,0,30,0,30,650,60,24,0.42,0.23,0.01,0.009,820,0.03,0,0,18045.62572,0.706,0,411
870,845,30,8,30,0,30,0,30,650,60,24,0.42,0.21,0.014,0.015,480,0.02,0,0,18045.62572,0.717333333,0,404
870,845,30,8,30,0,30,0,30,650,60,24,0.42,0.24,0.014,0.022,480,0.02,0,0,18045.62572,0.726,0,411
870,845,30,8,30,0,30,0,30,650,60,24,0.42,0.21,0.026,0.019,1510,0,0,0.03,18045.62572,0.697666667,0.310723251,438
870,845,30,8,30,0,30,0,30,580,60,24,0.42,0.25,0.012,0.021,640,0.02,0.01,0.01,16621.74723,0.850333333,0.215443469,588
870,845,30,8,30,0,30,0,30,580,60,24,0.42,0.3,0.016,0.004,420,0.03,0,0,16621.74723,0.899333333,0,619
870,845,30,8,30,0,30,0,30,630,60,24,0.42,0.25,0.012,0.021,640,0.02,0.01,0.01,17638.8033,0.850333333,0.215443469,531
870,845,30,8,30,0,30,0,30,630,60,24,0.42,0.3,0.016,0.004,420,0.03,0,0,17638.8033,0.899333333,0,583
870,845,30,8,30,0,30,0,30,680,60,24,0.42,0.25,0.012,0.021,640,0.02,0.01,0.01,18655.85936,0.850333333,0.215443469,491
870,845,30,8,30,0,30,0,30,680,60,24,0.42,0.3,0.016,0.004,420,0.03,0,0,18655.85936,0.899333333,0,498
845,845,30,24,30,0,30,0,30,550,60,24,0.43,0.22,0.017,0.016,1740,0.06,0,0,15965.8589,0.593666667,0,475
845,845,30,24,30,0,30,0,30,600,60,24,0.43,0.22,0.017,0.016,1740,0.06,0,0,16980.01496,0.593666667,0,438
845,845,30,24,30,0,30,0,30,650,60,24,0.43,0.22,0.017,0.016,1740,0.06,0,0,17994.17102,0.593666667,0,388
870,855,30,8,30,0,30,0,30,550,60,24,0.43,0.24,0.022,0.013,1740,0.03,0,0,15965.8589,0.780666667,0,582
870,855,30,8,30,0,30,0,30,600,60,24,0.43,0.24,0.022,0.013,1740,0.03,0,0,16980.01496,0.780666667,0,522
870,855,30,8,30,0,30,0,30,650,60,24,0.43,0.24,0.022,0.013,1740,0.03,0,0,17994.17102,0.780666667,0,483
870,855,30,8,30,0,30,0,30,550,60,24,0.43,0.26,0.019,0.012,1740,0.06,0,0,15965.8589,0.814,0,625
870,855,30,8,30,0,30,0,30,600,60,24,0.43,0.26,0.019,0.012,1740,0.06,0,0,16980.01496,0.814,0,564
870,855,30,8,30,0,30,0,30,650,60,24,0.43,0.26,0.019,0.012,1740,0.06,0,0,17994.17102,0.814,0,511
870,845,30,8,30,0,30,0,30,550,60,24,0.43,0.34,0.017,0.01,1100,0.03,0,0,15965.8589,0.724,0,536
870,845,30,8,30,0,30,0,30,550,60,24,0.43,0.26,0.012,0.017,1740,0.07,0,0,15965.8589,0.714,0,510
870,845,30,8,30,0,30,0,30,600,60,24,0.43,0.34,0.017,0.01,1100,0.03,0,0,16980.01496,0.724,0,502
870,845,30,8,30,0,30,0,30,600,60,24,0.43,0.26,0.012,0.017,1740,0.07,0,0,16980.01496,0.714,0,490
870,845,30,8,30,0,30,0,30,650,60,24,0.43,0.34,0.017,0.01,1100,0.03,0,0,17994.17102,0.724,0,448
870,845,30,8,30,0,30,0,30,650,60,24,0.43,0.26,0.012,0.017,1740,0.07,0,0,17994.17102,0.714,0,442
870,845,30,8,30,0,30,0,30,580,60,24,0.43,0.26,0.012,0.018,590,0.07,0,0,16574.35253,0.827333333,0,569
870,845,30,8,30,0,30,0,30,630,60,24,0.43,0.26,0.012,0.018,590,0.07,0,0,17588.5086,0.827333333,0,550
870,845,30,8,30,0,30,0,30,680,60,24,0.43,0.26,0.012,0.018,590,0.07,0,0,18602.66466,0.827333333,0,463
845,845,30,24,30,0,30,0,30,550,60,24,0.44,0.24,0.021,0.021,825,0.1,0.03,0.01,15920.2042,0.584,0.215443469,446
845,845,30,24,30,0,30,0,30,600,60,24,0.44,0.24,0.021,0.021,825,0.1,0.03,0.01,16931.46026,0.584,0.215443469,415
845,845,30,24,30,0,30,0,30,650,60,24,0.44,0.24,0.021,0.021,825,0.1,0.03,0.01,17942.71632,0.584,0.215443469,378
870,855,30,8,30,0,30,0,30,550,60,24,0.44,0.26,0.017,0.012,1740,0.04,0,0,15920.2042,0.819666667,0,625
870,855,30,8,30,0,30,0,30,600,60,24,0.44,0.26,0.017,0.012,1740,0.04,0,0,16931.46026,0.819666667,0,578
870,855,30,8,30,0,30,0,30,650,60,24,0.44,0.26,0.017,0.012,1740,0.04,0,0,17942.71632,0.819666667,0,516
870,845,30,8,30,0,30,0,30,580,60,24,0.44,0.25,0.01,0.009,820,0.02,0,0.02,16526.95783,0.843333333,0.271441762,607
870,845,30,8,30,0,30,0,30,630,60,24,0.44,0.25,0.01,0.009,820,0.02,0,0.02,17538.2139,0.843333333,0.271441762,550
870,845,30,8,30,0,30,0,30,680,60,24,0.44,0.25,0.01,0.009,820,0.02,0,0.02,18549.46996,0.843333333,0.271441762,482
845,845,30,24,30,0,30,0,30,550,60,24,0.45,0.25,0.018,0.016,1740,0.07,0,0,15874.5495,0.610333333,0,513
845,845,30,24,30,0,30,0,30,550,60,24,0.45,0.26,0.027,0.019,1270,0.12,0.01,0,15874.5495,0.600666667,0,448
845,845,30,24,30,0,30,0,30,550,60,24,0.45,0.24,0.01,0.009,610,0.06,0,0.01,15874.5495,0.597,0.215443469,465
845,845,30,24,30,0,30,0,30,550,60,24,0.45,0.25,0.011,0.025,610,0.09,0,0.04,15874.5495,0.607666667,0.341995189,486
845,845,30,24,30,0,30,0,30,600,60,24,0.45,0.25,0.018,0.016,1740,0.07,0,0,16882.90556,0.610333333,0,459
845,845,30,24,30,0,30,0,30,600,60,24,0.45,0.26,0.027,0.019,1270,0.12,0.01,0,16882.90556,0.600666667,0,415
845,845,30,24,30,0,30,0,30,600,60,24,0.45,0.24,0.01,0.009,610,0.06,0,0.01,16882.90556,0.597,0.215443469,437
845,845,30,24,30,0,30,0,30,600,60,24,0.45,0.25,0.011,0.025,610,0.09,0,0.04,16882.90556,0.607666667,0.341995189,452
845,845,30,24,30,0,30,0,30,650,60,24,0.45,0.25,0.018,0.016,1740,0.07,0,0,17891.26162,0.610333333,0,413
845,845,30,24,30,0,30,0,30,650,60,24,0.45,0.26,0.027,0.019,1270,0.12,0.01,0,17891.26162,0.600666667,0,395
845,845,30,24,30,0,30,0,30,650,60,24,0.45,0.24,0.01,0.009,610,0.06,0,0.01,17891.26162,0.597,0.215443469,398
845,845,30,24,30,0,30,0,30,650,60,24,0.45,0.25,0.011,0.025,610,0.09,0,0.04,17891.26162,0.607666667,0.341995189,398
870,845,30,8,30,0,30,0,30,550,60,24,0.45,0.33,0.008,0.007,740,0.02,0,0.01,15874.5495,0.742666667,0.215443469,477
870,845,30,8,30,0,30,0,30,600,60,24,0.45,0.33,0.008,0.007,740,0.02,0,0.01,16882.90556,0.742666667,0.215443469,451
870,845,30,8,30,0,30,0,30,650,60,24,0.45,0.33,0.008,0.007,740,0.02,0,0.01,17891.26162,0.742666667,0.215443469,410
870,845,30,8,30,0,30,0,30,580,60,24,0.45,0.16,0.009,0.016,640,0.01,0,0,16479.56313,0.841,0,596
870,845,30,8,30,0,30,0,30,630,60,24,0.45,0.16,0.009,0.016,640,0.01,0,0,17487.9192,0.841,0,537
870,845,30,8,30,0,30,0,30,680,60,24,0.45,0.16,0.009,0.016,640,0.01,0,0,18496.27526,0.841,0,477
870,845,30,8,30,0,30,0,30,550,60,24,0.46,0.3,0.014,0.008,1100,0.03,0,0,15828.8948,0.773666667,0,551
870,845,30,8,30,0,30,0,30,600,60,24,0.46,0.3,0.014,0.008,1100,0.03,0,0,16834.35086,0.773666667,0,502
870,845,30,8,30,0,30,0,30,650,60,24,0.46,0.3,0.014,0.008,1100,0.03,0,0,17839.80692,0.773666667,0,460
845,845,30,24,30,0,30,0,30,550,60,24,0.47,0.25,0.015,0.01,610,0.04,0,0.03,15783.2401,0.609333333,0.310723251,465
845,845,30,24,30,0,30,0,30,600,60,24,0.47,0.25,0.015,0.01,610,0.04,0,0.03,16785.79616,0.609333333,0.310723251,442
845,845,30,24,30,0,30,0,30,650,60,24,0.47,0.25,0.015,0.01,610,0.04,0,0.03,17788.35222,0.609333333,0.310723251,396
870,845,30,8,30,0,30,0,30,580,60,24,0.47,0.28,0.011,0.007,740,0.03,0,0.01,16384.77373,0.869333333,0.215443469,600
870,845,30,8,30,0,30,0,30,580,60,24,0.47,0.19,0.013,0.013,640,0.02,0,0,16384.77373,0.854,0,615
870,845,30,8,30,0,30,0,30,630,60,24,0.47,0.28,0.011,0.007,740,0.03,0,0.01,17387.3298,0.869333333,0.215443469,551
870,845,30,8,30,0,30,0,30,630,60,24,0.47,0.19,0.013,0.013,640,0.02,0,0,17387.3298,0.854,0,556
870,845,30,8,30,0,30,0,30,680,60,24,0.47,0.28,0.011,0.007,740,0.03,0,0.01,18389.88586,0.869333333,0.215443469,471
870,845,30,8,30,0,30,0,30,680,60,24,0.47,0.19,0.013,0.013,640,0.02,0,0,18389.88586,0.854,0,476
845,845,30,24,30,0,30,0,30,550,60,24,0.48,0.25,0.024,0.022,1740,0.08,0,0,15737.5854,0.627,0,502
845,845,30,24,30,0,30,0,30,600,60,24,0.48,0.25,0.024,0.022,1740,0.08,0,0,16737.24146,0.627,0,463
845,845,30,24,30,0,30,0,30,650,60,24,0.48,0.25,0.024,0.022,1740,0.08,0,0,17736.89752,0.627,0,415
870,845,30,8,30,0,30,0,30,580,60,24,0.48,0.2,0.01,0.016,640,0.03,0,0,16337.37903,0.860666667,0,618
870,845,30,8,30,0,30,0,30,630,60,24,0.48,0.2,0.01,0.016,640,0.03,0,0,17337.0351,0.860666667,0,543
870,845,30,8,30,0,30,0,30,680,60,24,0.48,0.2,0.01,0.016,640,0.03,0,0,18336.69116,0.860666667,0,491
845,845,30,24,30,0,30,0,30,550,60,24,0.49,0.26,0.027,0.023,1270,0.13,0.01,0,15691.9307,0.643333333,0,504
845,845,30,24,30,0,30,0,30,600,60,24,0.49,0.26,0.027,0.023,1270,0.13,0.01,0,16688.68676,0.643333333,0,468
845,845,30,24,30,0,30,0,30,650,60,24,0.49,0.26,0.027,0.023,1270,0.13,0.01,0,17685.44282,0.643333333,0,415
870,845,30,8,30,0,30,0,30,580,60,24,0.49,0.29,0.014,0.011,820,0.06,0,0.01,16289.98433,0.883666667,0.215443469,585
870,845,30,8,30,0,30,0,30,630,60,24,0.49,0.29,0.014,0.011,820,0.06,0,0.01,17286.7404,0.883666667,0.215443469,543
870,845,30,8,30,0,30,0,30,680,60,24,0.49,0.29,0.014,0.011,820,0.06,0,0.01,18283.49646,0.883666667,0.215443469,479
825,825,30,24,30,0,30,0,30,550,60,24,0.52,0.29,0.016,0.025,825,0.12,0.02,0,15554.9666,0.670333333,0,489
825,825,30,24,30,0,30,0,30,550,60,24,0.52,0.21,0.021,0.021,1740,0.09,0,0,15554.9666,0.676,0,505
825,825,30,24,30,0,30,0,30,600,60,24,0.52,0.29,0.016,0.025,825,0.12,0.02,0,16543.02266,0.670333333,0,444
825,825,30,24,30,0,30,0,30,600,60,24,0.52,0.21,0.021,0.021,1740,0.09,0,0,16543.02266,0.676,0,464
825,825,30,24,30,0,30,0,30,650,60,24,0.52,0.29,0.016,0.025,825,0.12,0.02,0,17531.07872,0.670333333,0,402
825,825,30,24,30,0,30,0,30,650,60,24,0.52,0.21,0.021,0.021,1740,0.09,0,0,17531.07872,0.676,0,410
825,825,30,24,30,0,30,0,30,550,60,24,0.53,0.3,0.019,0.026,1270,0.09,0,0,15509.3119,0.694333333,0,531
825,825,30,24,30,0,30,0,30,600,60,24,0.53,0.3,0.019,0.026,1270,0.09,0,0,16494.46796,0.694333333,0,466
825,825,30,24,30,0,30,0,30,650,60,24,0.53,0.3,0.019,0.026,1270,0.09,0,0,17479.62402,0.694333333,0,415
845,845,30,8,30,0,30,0,30,430,60,24,0.53,1.49,0.011,0.007,925,0.03,0,0,13144.93735,0.795,0,874
845,845,30,8,30,0,30,0,30,430,60,24,0.53,1.31,0.004,0.004,1455,0.02,0.01,0.01,13144.93735,0.789666667,0.215443469,829
845,845,30,8,30,0,30,0,30,430,60,24,0.53,1.51,0.013,0.011,622,0.05,0,0.058,13144.93735,0.815333333,0.387087664,700
845,845,30,8,30,0,30,0,30,500,60,24,0.53,1.31,0.007,0.003,1455,0.02,0.01,0.01,14524.15583,0.791666667,0.215443469,720
845,845,30,8,30,0,30,0,30,500,60,24,0.53,1.5,0.014,0.011,622,0.05,0,0.058,14524.15583,0.811666667,0.387087664,688
825,825,30,24,30,0,30,0,30,550,60,24,0.54,0.26,0.022,0.021,1270,0.08,0.01,0,15463.6572,0.692666667,0,534
825,825,30,24,30,0,30,0,30,550,60,24,0.54,0.2,0.013,0.019,825,0.1,0,0,15463.6572,0.668333333,0,495
825,825,30,24,30,0,30,0,30,550,60,24,0.54,0.27,0.017,0.02,610,0.08,0,0.04,15463.6572,0.695333333,0.341995189,541
825,825,30,24,30,0,30,0,30,600,60,24,0.54,0.26,0.022,0.021,1270,0.08,0.01,0,16445.91326,0.692666667,0,459
825,825,30,24,30,0,30,0,30,600,60,24,0.54,0.2,0.013,0.019,825,0.1,0,0,16445.91326,0.668333333,0,445
825,825,30,24,30,0,30,0,30,600,60,24,0.54,0.27,0.017,0.02,610,0.08,0,0.04,16445.91326,0.695333333,0.341995189,475
825,825,30,24,30,0,30,0,30,650,60,24,0.54,0.26,0.022,0.021,1270,0.08,0.01,0,17428.16932,0.692666667,0,418
825,825,30,24,30,0,30,0,30,650,60,24,0.54,0.2,0.013,0.019,825,0.1,0,0,17428.16932,0.668333333,0,411
825,825,30,24,30,0,30,0,30,650,60,24,0.54,0.27,0.017,0.02,610,0.08,0,0.04,17428.16932,0.695333333,0.341995189,415
845,845,30,8,30,0,30,0,30,500,60,24,0.54,1.5,0.013,0.007,925,0.03,0,0,14481.40113,0.805,0,806
825,825,30,24,30,0,30,0,30,550,60,24,0.55,0.23,0.018,0.012,1740,0.07,0,0,15418.0025,0.696,0,523
825,825,30,24,30,0,30,0,30,600,60,24,0.55,0.23,0.018,0.012,1740,0.07,0,0,16397.35856,0.696,0,468
825,825,30,24,30,0,30,0,30,650,60,24,0.55,0.23,0.018,0.012,1740,0.07,0,0,17376.71462,0.696,0,419
825,825,30,24,30,0,30,0,30,550,60,24,0.56,0.26,0.019,0.026,660,0.06,0,0,15372.3478,0.657666667,0,500
825,825,30,24,30,0,30,0,30,550,60,24,0.56,0.25,0.009,0.023,610,0.06,0,0.04,15372.3478,0.697333333,0.341995189,492
825,825,30,24,30,0,30,0,30,600,60,24,0.56,0.26,0.019,0.026,660,0.06,0,0,16348.80386,0.657666667,0,458
825,825,30,24,30,0,30,0,30,600,60,24,0.56,0.25,0.009,0.023,610,0.06,0,0.04,16348.80386,0.697333333,0.341995189,461
825,825,30,24,30,0,30,0,30,650,60,24,0.56,0.26,0.019,0.026,660,0.06,0,0,17325.25992,0.657666667,0,398
825,825,30,24,30,0,30,0,30,650,60,24,0.56,0.25,0.009,0.023,610,0.06,0,0.04,17325.25992,0.697333333,0.341995189,412
825,825,30,24,30,0,30,0,30,550,60,24,0.57,0.23,0.018,0.017,1740,0.08,0,0,15326.6931,0.719333333,0,522
825,825,30,24,30,0,30,0,30,550,60,24,0.57,0.3,0.024,0.022,1270,0.1,0.01,0,15326.6931,0.728666667,0,533
825,825,30,24,30,0,30,0,30,600,60,24,0.57,0.23,0.018,0.017,1740,0.08,0,0,16300.24916,0.719333333,0,464
825,825,30,24,30,0,30,0,30,600,60,24,0.57,0.3,0.024,0.022,1270,0.1,0.01,0,16300.24916,0.728666667,0,486
825,825,30,24,30,0,30,0,30,650,60,24,0.57,0.23,0.018,0.017,1740,0.08,0,0,17273.80522,0.719333333,0,428
825,825,30,24,30,0,30,0,30,650,60,24,0.57,0.3,0.024,0.022,1270,0.1,0.01,0,17273.80522,0.728666667,0,425
845,845,30,8,30,0,30,0,30,430,60,24,0.59,1.99,0.027,0.01,1228,0.04,0,0,12912.76915,0.774666667,0,698
845,845,30,8,30,0,30,0,30,500,60,24,0.59,1.99,0.027,0.01,1228,0.04,0,0,14267.62763,0.774666667,0,678
845,845,30,8,30,0,30,0,30,430,60,24,0.6,1.96,0.019,0.004,721,0.017,0,0.021,12874.07445,0.783,0.275892418,781
845,845,30,8,30,0,30,0,30,500,60,24,0.6,1.96,0.019,0.004,721,0.017,0,0.021,14224.87293,0.783,0.275892418,740
845,845,30,8,30,0,30,0,30,430,60,24,0.61,2.05,0.019,0.014,1455,0.07,0,0.01,12835.37975,0.804,0.215443469,906
845,845,30,8,30,0,30,0,30,500,60,24,0.61,2.05,0.019,0.014,1455,0.07,0,0.01,14182.11823,0.804,0.215443469,770
845,845,30,8,30,0,30,0,30,420,60,24,0.61,0.28,0.019,0.02,622,0.067,0,0.012,12642.98853,0.957666667,0.228942849,794
845,845,30,8,30,0,30,0,30,490,60,24,0.61,0.28,0.019,0.02,622,0.067,0,0.012,13989.72702,0.957666667,0.228942849,745
845,845,30,8,30,0,30,0,30,420,60,24,0.62,0.29,0.026,0.007,796,0.058,0,0.004,12604.87383,0.934,0.158740105,768
845,845,30,8,30,0,30,0,30,490,60,24,0.62,0.29,0.026,0.007,796,0.058,0,0.004,13947.55232,0.934,0.158740105,718
845,845,30,8,30,0,30,0,30,420,60,24,0.63,0.17,0.026,0.014,289,0.05,0,0,12566.75913,0.925666667,0,855
845,845,30,8,30,0,30,0,30,490,60,24,0.63,0.17,0.026,0.014,289,0.05,0,0,13905.37762,0.925666667,0,707
