NT,THT,THt,THQCr,CT,Ct,DT,Dt,QmT,TT,Tt,TCr,C,Si,P,S,RedRatio,dA,dB,dC,CE,dC^(1/6),log(dC),Fatigue
930,30,0,0,930,139.8,850,15,60,160,120,0.5,0.17,0.28,0.002,0.016,440,0.017,0,0.008,0.496333333,0.2,-2.096910013,1002
930,30,0,0,930,469.8,850,15,60,160,120,0.5,0.17,0.28,0.002,0.016,440,0.017,0,0.008,0.496333333,0.2,-2.096910013,1082
930,30,0,0,930,540,850,15,140,160,120,0.5,0.17,0.28,0.002,0.016,440,0.017,0,0.008,0.496333333,0.2,-2.096910013,935
930,30,0,0,930,469.8,850,15,60,200,120,0.5,0.17,0.28,0.002,0.016,440,0.017,0,0.008,0.496333333,0.2,-2.096910013,1035
930,30,0,0,930,130.2,882.381,25.2,60,160,120,0.5,0.18,0.26,0.009,0.014,690,0.06,0,0,0.51,0,-15,986
930,30,0,0,930,450,895.517,34.8,60,160,120,0.5,0.18,0.26,0.009,0.014,690,0.06,0,0,0.51,0,-15,1089
930,30,0,0,930,510,903.333,45,140,160,120,0.5,0.18,0.26,0.009,0.014,690,0.06,0,0,0.51,0,-15,1080
930,30,0,0,930,450,895.517,34.8,60,200,120,0.5,0.18,0.26,0.009,0.014,690,0.06,0,0,0.51,0,-15,1053
930,30,0,0,930,90,881.807,49.8,60,160,120,0.5,0.18,0.25,0.016,0.015,530,0.017,0.004,0.008,0.567666667,0.2,-2.096910013,858
930,30,0,0,930,340.2,895.812,70.2,60,160,120,0.5,0.18,0.25,0.016,0.015,530,0.017,0.004,0.008,0.567666667,0.2,-2.096910013,948
930,30,0,0,930,340.2,895.812,70.2,140,160,120,0.5,0.18,0.25,0.016,0.015,530,0.017,0.004,0.008,0.567666667,0.2,-2.096910013,957
930,30,0,0,930,340.2,895.812,70.2,60,200,120,0.5,0.18,0.25,0.016,0.015,530,0.017,0.004,0.008,0.567666667,0.2,-2.096910013,882
930,30,0,0,930,100.2,895.517,34.8,60,160,120,0.5,0.19,0.21,0.017,0.011,390,0.025,0.004,0,0.551,0,-15,889
930,30,0,0,930,499.8,895.812,70.2,60,160,120,0.5,0.19,0.21,0.017,0.011,390,0.025,0.004,0,0.551,0,-15,900
930,30,0,0,930,529.8,895.812,70.2,140,160,120,0.5,0.19,0.21,0.017,0.011,390,0.025,0.004,0,0.551,0,-15,838
930,30,0,0,930,499.8,895.812,70.2,60,200,120,0.5,0.19,0.21,0.017,0.011,390,0.025,0.004,0,0.551,0,-15,898
930,30,0,0,930,130.2,882.381,25.2,60,160,120,0.5,0.2,0.32,0.024,0.028,390,0.046,0,0,0.504333333,0,-15,927
930,30,0,0,930,450,895.517,34.8,60,160,120,0.5,0.2,0.32,0.024,0.028,390,0.046,0,0,0.504333333,0,-15,956
930,30,0,0,930,510,903.333,45,140,160,120,0.5,0.2,0.32,0.024,0.028,390,0.046,0,0,0.504333333,0,-15,960
930,30,0,0,930,450,895.517,34.8,60,200,120,0.5,0.2,0.32,0.024,0.028,390,0.046,0,0,0.504333333,0,-15,924
930,30,0,0,930,139.8,850,15,60,160,120,0.5,0.21,0.29,0.015,0.016,440,0.008,0,0,0.586,0,-15,1034
930,30,0,0,930,469.8,850,15,60,160,120,0.5,0.21,0.29,0.015,0.016,440,0.008,0,0,0.586,0,-15,1056
930,30,0,0,930,540,850,15,140,160,120,0.5,0.21,0.29,0.015,0.016,440,0.008,0,0,0.586,0,-15,1054
930,30,0,0,930,469.8,850,15,60,200,120,0.5,0.21,0.29,0.015,0.016,440,0.008,0,0,0.586,0,-15,1037
930,30,0,0,930,100.2,895.517,34.8,60,160,120,0.5,0.21,0.3,0.021,0.006,460,0.025,0,0.004,0.575333333,0.158740105,-2.397940009,854
930,30,0,0,930,499.8,895.812,70.2,60,160,120,0.5,0.21,0.3,0.021,0.006,460,0.025,0,0.004,0.575333333,0.158740105,-2.397940009,884
930,30,0,0,930,529.8,895.812,70.2,140,160,120,0.5,0.21,0.3,0.021,0.006,460,0.025,0,0.004,0.575333333,0.158740105,-2.397940009,876
930,30,0,0,930,499.8,895.812,70.2,60,200,120,0.5,0.21,0.3,0.021,0.006,460,0.025,0,0.004,0.575333333,0.158740105,-2.397940009,873
930,30,0,0,930,90,881.807,49.8,60,160,120,0.5,0.21,0.31,0.012,0.019,690,0.08,0,0,0.621666667,0,-15,1074
930,30,0,0,930,90,881.807,49.8,60,160,120,0.5,0.21,0.26,0.015,0.024,240,0.05,0.01,0,0.532333333,0,-15,1006
930,30,0,0,930,340.2,895.812,70.2,60,160,120,0.5,0.21,0.31,0.012,0.019,690,0.08,0,0,0.621666667,0,-15,1144
930,30,0,0,930,340.2,895.812,70.2,60,160,120,0.5,0.21,0.26,0.015,0.024,240,0.05,0.01,0,0.532333333,0,-15,1028
930,30,0,0,930,340.2,895.812,70.2,140,160,120,0.5,0.21,0.31,0.012,0.019,690,0.08,0,0,0.621666667,0,-15,1080
930,30,0,0,930,340.2,895.812,70.2,140,160,120,0.5,0.21,0.26,0.015,0.024,240,0.05,0.01,0,0.532333333,0,-15,1030
930,30,0,0,930,340.2,895.812,70.2,60,200,120,0.5,0.21,0.31,0.012,0.019,690,0.08,0,0,0.621666667,0,-15,1104
930,30,0,0,930,340.2,895.812,70.2,60,200,120,0.5,0.21,0.26,0.015,0.024,240,0.05,0.01,0,0.532333333,0,-15,1008
885,30,0,0,30,0,30,0,30,30,0,0,0.22,0.19,0.026,0.022,825,0.04,0.02,0,0.296,0,-15,225
885,30,0,0,30,0,30,0,30,30,0,0,0.22,0.26,0.021,0.023,1270,0.04,0.03,0,0.304333333,0,-15,239
885,30,0,0,30,0,30,0,30,30,0,0,0.23,0.26,0.029,0.024,1740,0.11,0,0,0.323666667,0,-15,255
930,30,0,0,930,139.8,850,15,60,160,120,0.5,0.23,0.35,0.008,0.012,860,0.07,0.01,0,0.581,0,-15,1139
930,30,0,0,930,469.8,850,15,60,160,120,0.5,0.23,0.35,0.008,0.012,860,0.07,0.01,0,0.581,0,-15,1124
930,30,0,0,930,540,850,15,140,160,120,0.5,0.23,0.35,0.008,0.012,860,0.07,0.01,0,0.581,0,-15,1190
930,30,0,0,930,469.8,850,15,60,200,120,0.5,0.23,0.35,0.008,0.012,860,0.07,0.01,0,0.581,0,-15,1110
930,30,0,0,930,130.2,882.381,25.2,60,160,120,0.5,0.23,0.29,0.011,0.011,440,0.013,0,0,0.557666667,0,-15,976
930,30,0,0,930,450,895.517,34.8,60,160,120,0.5,0.23,0.29,0.011,0.011,440,0.013,0,0,0.557666667,0,-15,946
930,30,0,0,930,510,903.333,45,140,160,120,0.5,0.23,0.29,0.011,0.011,440,0.013,0,0,0.557666667,0,-15,1033
930,30,0,0,930,450,895.517,34.8,60,200,120,0.5,0.23,0.29,0.011,0.011,440,0.013,0,0,0.557666667,0,-15,1009
930,30,0,0,930,100.2,895.517,34.8,60,160,120,0.5,0.23,0.2,0.013,0.018,690,0.07,0,0.01,0.602666667,0.215443469,-2,1086
930,30,0,0,930,499.8,895.812,70.2,60,160,120,0.5,0.23,0.2,0.013,0.018,690,0.07,0,0.01,0.602666667,0.215443469,-2,1057
930,30,0,0,930,529.8,895.812,70.2,140,160,120,0.5,0.23,0.2,0.013,0.018,690,0.07,0,0.01,0.602666667,0.215443469,-2,1068
930,30,0,0,930,499.8,895.812,70.2,60,200,120,0.5,0.23,0.2,0.013,0.018,690,0.07,0,0.01,0.602666667,0.215443469,-2,1120
885,30,0,0,30,0,30,0,30,30,0,0,0.25,0.18,0.009,0.017,610,0.11,0,0.04,0.358,0.341995189,-1.397940009,235
885,30,0,0,30,0,30,0,30,30,0,0,0.26,0.21,0.017,0.022,825,0.07,0.02,0.04,0.338666667,0.341995189,-1.397940009,232
885,30,0,0,30,0,30,0,30,30,0,0,0.26,0.27,0.008,0.015,1270,0.07,0.02,0,0.339666667,0,-15,235
885,30,0,0,30,0,30,0,30,30,0,0,0.26,0.23,0.018,0.024,1740,0.06,0,0,0.350333333,0,-15,241
885,30,0,0,30,0,30,0,30,30,0,0,0.26,0.22,0.026,0.026,825,0.06,0.02,0.02,0.348333333,0.271441762,-1.698970004,245
885,30,0,0,30,0,30,0,30,30,0,0,0.27,0.25,0.02,0.021,1740,0.07,0,0,0.366,0,-15,245
885,30,0,0,30,0,30,0,30,30,0,0,0.27,0.23,0.008,0.03,610,0.08,0,0.04,0.361666667,0.341995189,-1.397940009,275
885,30,0,0,30,0,30,0,30,30,0,0,0.28,0.27,0.021,0.018,1270,0.08,0.01,0,0.371333333,0,-15,255
900,845,30,8,30,0,30,0,30,550,60,24,0.28,0.27,0.019,0.009,420,0.02,0,0.02,0.723666667,0.271441762,-1.698970004,576
900,845,30,8,30,0,30,0,30,600,60,24,0.28,0.27,0.019,0.009,420,0.02,0,0.02,0.723666667,0.271441762,-1.698970004,537
900,845,30,8,30,0,30,0,30,650,60,24,0.28,0.27,0.019,0.009,420,0.02,0,0.02,0.723666667,0.271441762,-1.698970004,502
900,845,30,8,30,0,30,0,30,550,60,24,0.3,0.27,0.018,0.008,820,0.01,0,0.01,0.735,0.215443469,-2,522
900,845,30,8,30,0,30,0,30,600,60,24,0.3,0.27,0.018,0.008,820,0.01,0,0.01,0.735,0.215443469,-2,503
900,845,30,8,30,0,30,0,30,650,60,24,0.3,0.27,0.018,0.008,820,0.01,0,0.01,0.735,0.215443469,-2,471
900,845,30,8,30,0,30,0,30,550,60,24,0.31,0.22,0.016,0.016,700,0.01,0,0.01,0.727333333,0.215443469,-2,537
900,845,30,8,30,0,30,0,30,600,60,24,0.31,0.22,0.016,0.016,700,0.01,0,0.01,0.727333333,0.215443469,-2,518
900,845,30,8,30,0,30,0,30,650,60,24,0.31,0.22,0.016,0.016,700,0.01,0,0.01,0.727333333,0.215443469,-2,471
865,865,30,24,30,0,30,0,30,550,60,24,0.32,0.26,0.015,0.019,1740,0.06,0,0,0.449,0,-15,418
865,865,30,24,30,0,30,0,30,550,60,24,0.32,0.21,0.007,0.017,610,0.06,0.05,0.03,0.454333333,0.310723251,-1.522878745,379
865,865,30,24,30,0,30,0,30,600,60,24,0.32,0.26,0.015,0.019,1740,0.06,0,0,0.449,0,-15,395
865,865,30,24,30,0,30,0,30,600,60,24,0.32,0.21,0.007,0.017,610,0.06,0.05,0.03,0.454333333,0.310723251,-1.522878745,358
865,865,30,24,30,0,30,0,30,650,60,24,0.32,0.26,0.015,0.019,1740,0.06,0,0,0.449,0,-15,348
865,865,30,24,30,0,30,0,30,650,60,24,0.32,0.21,0.007,0.017,610,0.06,0.05,0.03,0.454333333,0.310723251,-1.522878745,325
900,845,30,8,30,0,30,0,30,550,60,24,0.32,0.3,0.008,0.006,610,0,0,0.01,0.749,0.215443469,-2,563
900,845,30,8,30,0,30,0,30,550,60,24,0.32,0.24,0.009,0.01,700,0.01,0.01,0.03,0.739333333,0.310723251,-1.522878745,530
900,845,30,8,30,0,30,0,30,550,60,24,0.32,0.29,0.018,0.004,420,0,0,0.02,0.739333333,0.271441762,-1.698970004,570
900,845,30,8,30,0,30,0,30,550,60,24,0.32,0.3,0.013,0.009,1740,0.03,0,0,0.742666667,0,-15,570
900,845,30,8,30,0,30,0,30,600,60,24,0.32,0.3,0.008,0.006,610,0,0,0.01,0.749,0.215443469,-2,510
900,845,30,8,30,0,30,0,30,600,60,24,0.32,0.24,0.009,0.01,700,0.01,0.01,0.03,0.739333333,0.310723251,-1.522878745,510
900,845,30,8,30,0,30,0,30,600,60,24,0.32,0.29,0.018,0.004,420,0,0,0.02,0.739333333,0.271441762,-1.698970004,517
900,845,30,8,30,0,30,0,30,600,60,24,0.32,0.3,0.013,0.009,1740,0.03,0,0,0.742666667,0,-15,540
900,845,30,8,30,0,30,0,30,650,60,24,0.32,0.3,0.008,0.006,610,0,0,0.01,0.749,0.215443469,-2,490
900,845,30,8,30,0,30,0,30,650,60,24,0.32,0.24,0.009,0.01,700,0.01,0.01,0.03,0.739333333,0.310723251,-1.522878745,477
900,845,30,8,30,0,30,0,30,650,60,24,0.32,0.29,0.018,0.004,420,0,0,0.02,0.739333333,0.271441762,-1.698970004,483
900,845,30,8,30,0,30,0,30,650,60,24,0.32,0.3,0.013,0.009,1740,0.03,0,0,0.742666667,0,-15,497
865,865,30,24,30,0,30,0,30,550,60,24,0.33,0.21,0.031,0.019,825,0.08,0,0,0.463,0,-15,426
865,865,30,24,30,0,30,0,30,550,60,24,0.33,0.26,0.023,0.013,1270,0.08,0.02,0,0.479333333,0,-15,454
865,865,30,24,30,0,30,0,30,600,60,24,0.33,0.21,0.031,0.019,825,0.08,0,0,0.463,0,-15,377
865,865,30,24,30,0,30,0,30,600,60,24,0.33,0.26,0.023,0.013,1270,0.08,0.02,0,0.479333333,0,-15,425
865,865,30,24,30,0,30,0,30,650,60,24,0.33,0.21,0.031,0.019,825,0.08,0,0,0.463,0,-15,362
865,865,30,24,30,0,30,0,30,650,60,24,0.33,0.26,0.023,0.013,1270,0.08,0.02,0,0.479333333,0,-15,385
870,855,30,8,30,0,30,0,30,550,60,24,0.33,0.27,0.015,0.008,640,0.03,0,0,0.685,0,-15,585
870,855,30,8,30,0,30,0,30,600,60,24,0.33,0.27,0.015,0.008,640,0.03,0,0,0.685,0,-15,535
870,855,30,8,30,0,30,0,30,650,60,24,0.33,0.27,0.015,0.008,640,0.03,0,0,0.685,0,-15,467
900,845,30,8,30,0,30,0,30,550,60,24,0.33,0.3,0.009,0.006,820,0.01,0,0.01,0.757,0.215443469,-2,569
900,845,30,8,30,0,30,0,30,600,60,24,0.33,0.3,0.009,0.006,820,0.01,0,0.01,0.757,0.215443469,-2,523
900,845,30,8,30,0,30,0,30,650,60,24,0.33,0.3,0.009,0.006,820,0.01,0,0.01,0.757,0.215443469,-2,476
865,865,30,24,30,0,30,0,30,550,60,24,0.34,0.26,0.012,0.015,1740,0.08,0,0,0.468666667,0,-15,401
865,865,30,24,30,0,30,0,30,600,60,24,0.34,0.26,0.012,0.015,1740,0.08,0,0,0.468666667,0,-15,365
865,865,30,24,30,0,30,0,30,650,60,24,0.34,0.26,0.012,0.015,1740,0.08,0,0,0.468666667,0,-15,325
870,855,30,8,30,0,30,0,30,550,60,24,0.34,0.25,0.019,0.011,500,0.08,0,0.01,0.710666667,0.215443469,-2,535
870,855,30,8,30,0,30,0,30,550,60,24,0.34,0.29,0.019,0.013,500,0.08,0,0,0.715666667,0,-15,557
870,855,30,8,30,0,30,0,30,600,60,24,0.34,0.25,0.019,0.011,500,0.08,0,0.01,0.710666667,0.215443469,-2,490
870,855,30,8,30,0,30,0,30,600,60,24,0.34,0.29,0.019,0.013,500,0.08,0,0,0.715666667,0,-15,524
870,855,30,8,30,0,30,0,30,650,60,24,0.34,0.25,0.019,0.011,500,0.08,0,0.01,0.710666667,0.215443469,-2,459
870,855,30,8,30,0,30,0,30,650,60,24,0.34,0.29,0.019,0.013,500,0.08,0,0,0.715666667,0,-15,476
900,845,30,8,30,0,30,0,30,550,60,24,0.34,0.26,0.01,0.009,700,0.01,0,0.01,0.795,0.215443469,-2,549
900,845,30,8,30,0,30,0,30,600,60,24,0.34,0.26,0.01,0.009,700,0.01,0,0.01,0.795,0.215443469,-2,536
900,845,30,8,30,0,30,0,30,650,60,24,0.34,0.26,0.01,0.009,700,0.01,0,0.01,0.795,0.215443469,-2,496
865,865,30,24,30,0,30,0,30,550,60,24,0.35,0.21,0.021,0.022,825,0.05,0.03,0,0.482333333,0,-15,397
865,865,30,24,30,0,30,0,30,550,60,24,0.35,0.3,0.017,0.024,1270,0.07,0.02,0,0.494666667,0,-15,419
865,865,30,24,30,0,30,0,30,550,60,24,0.35,0.25,0.016,0.023,825,0.07,0.04,0,0.491333333,0,-15,395
865,865,30,24,30,0,30,0,30,600,60,24,0.35,0.21,0.021,0.022,825,0.05,0.03,0,0.482333333,0,-15,382
865,865,30,24,30,0,30,0,30,600,60,24,0.35,0.3,0.017,0.024,1270,0.07,0.02,0,0.494666667,0,-15,385
865,865,30,24,30,0,30,0,30,600,60,24,0.35,0.25,0.016,0.023,825,0.07,0.04,0,0.491333333,0,-15,375
865,865,30,24,30,0,30,0,30,650,60,24,0.35,0.21,0.021,0.022,825,0.05,0.03,0,0.482333333,0,-15,344
865,865,30,24,30,0,30,0,30,650,60,24,0.35,0.3,0.017,0.024,1270,0.07,0.02,0,0.494666667,0,-15,369
865,865,30,24,30,0,30,0,30,650,60,24,0.35,0.25,0.016,0.023,825,0.07,0.04,0,0.491333333,0,-15,341
870,855,30,8,30,0,30,0,30,550,60,24,0.35,0.3,0.019,0.012,1250,0,0,0.02,0.704666667,0.271441762,-1.698970004,571
870,855,30,8,30,0,30,0,30,550,60,24,0.35,0.25,0.02,0.017,1120,0.03,0,0.01,0.736666667,0.215443469,-2,563
870,855,30,8,30,0,30,0,30,550,60,24,0.35,0.25,0.02,0.013,1740,0.05,0,0,0.717,0,-15,583
870,855,30,8,30,0,30,0,30,550,60,24,0.35,0.25,0.026,0.018,820,0.1,0,0,0.700666667,0,-15,592
870,855,30,8,30,0,30,0,30,600,60,24,0.35,0.3,0.019,0.012,1250,0,0,0.02,0.704666667,0.271441762,-1.698970004,519
870,855,30,8,30,0,30,0,30,600,60,24,0.35,0.25,0.02,0.017,1120,0.03,0,0.01,0.736666667,0.215443469,-2,530
870,855,30,8,30,0,30,0,30,600,60,24,0.35,0.25,0.02,0.013,1740,0.05,0,0,0.717,0,-15,546
870,855,30,8,30,0,30,0,30,600,60,24,0.35,0.25,0.026,0.018,820,0.1,0,0,0.700666667,0,-15,550
870,855,30,8,30,0,30,0,30,650,60,24,0.35,0.3,0.019,0.012,1250,0,0,0.02,0.704666667,0.271441762,-1.698970004,491
870,855,30,8,30,0,30,0,30,650,60,24,0.35,0.25,0.02,0.017,1120,0.03,0,0.01,0.736666667,0.215443469,-2,469
870,855,30,8,30,0,30,0,30,650,60,24,0.35,0.25,0.02,0.013,1740,0.05,0,0,0.717,0,-15,496
870,855,30,8,30,0,30,0,30,650,60,24,0.35,0.25,0.026,0.018,820,0.1,0,0,0.700666667,0,-15,511
900,845,30,8,30,0,30,0,30,550,60,24,0.35,0.26,0.019,0.003,420,0,0,0.02,0.806666667,0.271441762,-1.698970004,578
900,845,30,8,30,0,30,0,30,600,60,24,0.35,0.26,0.019,0.003,420,0,0,0.02,0.806666667,0.271441762,-1.698970004,540
900,845,30,8,30,0,30,0,30,650,60,24,0.35,0.26,0.019,0.003,420,0,0,0.02,0.806666667,0.271441762,-1.698970004,503
865,865,30,24,30,0,30,0,30,550,60,24,0.36,0.26,0.009,0.023,610,0.07,0,0.03,0.512,0.310723251,-1.522878745,394
865,865,30,24,30,0,30,0,30,600,60,24,0.36,0.26,0.009,0.023,610,0.07,0,0.03,0.512,0.310723251,-1.522878745,379
865,865,30,24,30,0,30,0,30,650,60,24,0.36,0.26,0.009,0.023,610,0.07,0,0.03,0.512,0.310723251,-1.522878745,338
870,855,30,8,30,0,30,0,30,550,60,24,0.36,0.3,0.017,0.016,820,0.08,0,0.01,0.731666667,0.215443469,-2,587
870,855,30,8,30,0,30,0,30,550,60,24,0.36,0.27,0.012,0.007,1120,0,0,0.01,0.736333333,0.215443469,-2,578
870,855,30,8,30,0,30,0,30,550,60,24,0.36,0.23,0.014,0.022,530,0.02,0,0,0.733666667,0,-15,526
870,855,30,8,30,0,30,0,30,550,60,24,0.36,0.35,0.016,0.02,740,0.02,0,0.01,0.718666667,0.215443469,-2,572
870,855,30,8,30,0,30,0,30,600,60,24,0.36,0.3,0.017,0.016,820,0.08,0,0.01,0.731666667,0.215443469,-2,552
870,855,30,8,30,0,30,0,30,600,60,24,0.36,0.27,0.012,0.007,1120,0,0,0.01,0.736333333,0.215443469,-2,524
870,855,30,8,30,0,30,0,30,600,60,24,0.36,0.23,0.014,0.022,530,0.02,0,0,0.733666667,0,-15,508
870,855,30,8,30,0,30,0,30,600,60,24,0.36,0.35,0.016,0.02,740,0.02,0,0.01,0.718666667,0.215443469,-2,550
870,855,30,8,30,0,30,0,30,650,60,24,0.36,0.3,0.017,0.016,820,0.08,0,0.01,0.731666667,0.215443469,-2,497
870,855,30,8,30,0,30,0,30,650,60,24,0.36,0.27,0.012,0.007,1120,0,0,0.01,0.736333333,0.215443469,-2,463
870,855,30,8,30,0,30,0,30,650,60,24,0.36,0.23,0.014,0.022,530,0.02,0,0,0.733666667,0,-15,464
870,855,30,8,30,0,30,0,30,650,60,24,0.36,0.35,0.016,0.02,740,0.02,0,0.01,0.718666667,0.215443469,-2,489
865,865,30,24,30,0,30,0,30,550,60,24,0.37,0.27,0.016,0.02,1270,0.13,0.01,0,0.524,0,-15,416
865,865,30,24,30,0,30,0,30,550,60,24,0.37,0.24,0.015,0.02,1740,0.1,0,0,0.496666667,0,-15,433
865,865,30,24,30,0,30,0,30,600,60,24,0.37,0.27,0.016,0.02,1270,0.13,0.01,0,0.524,0,-15,393
865,865,30,24,30,0,30,0,30,600,60,24,0.37,0.24,0.015,0.02,1740,0.1,0,0,0.496666667,0,-15,389
865,865,30,24,30,0,30,0,30,650,60,24,0.37,0.27,0.016,0.02,1270,0.13,0.01,0,0.524,0,-15,368
865,865,30,24,30,0,30,0,30,650,60,24,0.37,0.24,0.015,0.02,1740,0.1,0,0,0.496666667,0,-15,365
870,855,30,8,30,0,30,0,30,550,60,24,0.37,0.23,0.012,0.017,530,0.01,0.01,0,0.762666667,0,-15,562
870,855,30,8,30,0,30,0,30,550,60,24,0.37,0.29,0.017,0.009,500,0.05,0,0.02,0.746666667,0.271441762,-1.698970004,573
870,855,30,8,30,0,30,0,30,600,60,24,0.37,0.23,0.012,0.017,530,0.01,0.01,0,0.762666667,0,-15,515
870,855,30,8,30,0,30,0,30,600,60,24,0.37,0.29,0.017,0.009,500,0.05,0,0.02,0.746666667,0.271441762,-1.698970004,542
870,855,30,8,30,0,30,0,30,650,60,24,0.37,0.23,0.012,0.017,530,0.01,0.01,0,0.762666667,0,-15,477
870,855,30,8,30,0,30,0,30,650,60,24,0.37,0.29,0.017,0.009,500,0.05,0,0.02,0.746666667,0.271441762,-1.698970004,490
870,855,30,8,30,0,30,0,30,550,60,24,0.37,0.24,0.018,0.016,1740,0.06,0,0.01,0.725666667,0.215443469,-2,606
870,855,30,8,30,0,30,0,30,600,60,24,0.37,0.24,0.018,0.016,1740,0.06,0,0.01,0.725666667,0.215443469,-2,551
870,855,30,8,30,0,30,0,30,650,60,24,0.37,0.24,0.018,0.016,1740,0.06,0,0.01,0.725666667,0.215443469,-2,504
870,845,30,8,30,0,30,0,30,580,60,24,0.37,0.29,0.017,0.01,420,0.07,0,0.01,0.852,0.215443469,-2,643
870,845,30,8,30,0,30,0,30,630,60,24,0.37,0.29,0.017,0.01,420,0.07,0,0.01,0.852,0.215443469,-2,583
870,845,30,8,30,0,30,0,30,680,60,24,0.37,0.29,0.017,0.01,420,0.07,0,0.01,0.852,0.215443469,-2,491
865,865,30,24,30,0,30,0,30,550,60,24,0.38,0.29,0.01,0.03,610,0.06,0.01,0.01,0.526,0.215443469,-2,426
865,865,30,24,30,0,30,0,30,600,60,24,0.38,0.29,0.01,0.03,610,0.06,0.01,0.01,0.526,0.215443469,-2,394
865,865,30,24,30,0,30,0,30,650,60,24,0.38,0.29,0.01,0.03,610,0.06,0.01,0.01,0.526,0.215443469,-2,361
870,855,30,8,30,0,30,0,30,550,60,24,0.38,0.27,0.015,0.012,1120,0.03,0,0.02,0.772,0.271441762,-1.698970004,536
870,855,30,8,30,0,30,0,30,600,60,24,0.38,0.27,0.015,0.012,1120,0.03,0,0.02,0.772,0.271441762,-1.698970004,592
870,855,30,8,30,0,30,0,30,650,60,24,0.38,0.27,0.015,0.012,1120,0.03,0,0.02,0.772,0.271441762,-1.698970004,523
870,845,30,8,30,0,30,0,30,550,60,24,0.38,0.27,0.012,0.007,610,0.03,0,0.01,0.666,0.215443469,-2,427
870,845,30,8,30,0,30,0,30,550,60,24,0.38,0.21,0.017,0.015,480,0.02,0,0,0.690333333,0,-15,432
870,845,30,8,30,0,30,0,30,600,60,24,0.38,0.27,0.012,0.007,610,0.03,0,0.01,0.666,0.215443469,-2,406
870,845,30,8,30,0,30,0,30,600,60,24,0.38,0.21,0.017,0.015,480,0.02,0,0,0.690333333,0,-15,406
870,845,30,8,30,0,30,0,30,650,60,24,0.38,0.27,0.012,0.007,610,0.03,0,0.01,0.666,0.215443469,-2,385
870,845,30,8,30,0,30,0,30,650,60,24,0.38,0.21,0.017,0.015,480,0.02,0,0,0.690333333,0,-15,363
870,845,30,8,30,0,30,0,30,580,60,24,0.38,0.26,0.016,0.017,5530,0.08,0,0.01,0.817,0.215443469,-2,604
870,845,30,8,30,0,30,0,30,580,60,24,0.38,0.26,0.016,0.008,590,0.06,0.01,0,0.793,0,-15,588
870,845,30,8,30,0,30,0,30,580,60,24,0.38,0.29,0.012,0.008,820,0.04,0.01,0.01,0.804,0.215443469,-2,604
870,845,30,8,30,0,30,0,30,630,60,24,0.38,0.26,0.016,0.017,5530,0.08,0,0.01,0.817,0.215443469,-2,571
870,845,30,8,30,0,30,0,30,630,60,24,0.38,0.26,0.016,0.008,590,0.06,0.01,0,0.793,0,-15,531
870,845,30,8,30,0,30,0,30,630,60,24,0.38,0.29,0.012,0.008,820,0.04,0.01,0.01,0.804,0.215443469,-2,550
870,845,30,8,30,0,30,0,30,680,60,24,0.38,0.26,0.016,0.017,5530,0.08,0,0.01,0.817,0.215443469,-2,483
870,845,30,8,30,0,30,0,30,680,60,24,0.38,0.26,0.016,0.008,590,0.06,0.01,0,0.793,0,-15,471
870,845,30,8,30,0,30,0,30,680,60,24,0.38,0.29,0.012,0.008,820,0.04,0.01,0.01,0.804,0.215443469,-2,483
870,855,30,8,30,0,30,0,30,550,60,24,0.39,0.25,0.011,0.005,820,0.01,0.01,0.01,0.719,0.215443469,-2,536
870,855,30,8,30,0,30,0,30,600,60,24,0.39,0.25,0.011,0.005,820,0.01,0.01,0.01,0.719,0.215443469,-2,511
870,855,30,8,30,0,30,0,30,650,60,24,0.39,0.25,0.011,0.005,820,0.01,0.01,0.01,0.719,0.215443469,-2,459
870,855,30,8,30,0,30,0,30,550,60,24,0.39,0.27,0.019,0.008,500,0.08,0,0.01,0.774,0.215443469,-2,581
870,855,30,8,30,0,30,0,30,550,60,24,0.39,0.28,0.021,0.018,1120,0.02,0,0.01,0.788333333,0.215443469,-2,638
870,855,30,8,30,0,30,0,30,600,60,24,0.39,0.27,0.019,0.008,500,0.08,0,0.01,0.774,0.215443469,-2,539
870,855,30,8,30,0,30,0,30,600,60,24,0.39,0.28,0.021,0.018,1120,0.02,0,0.01,0.788333333,0.215443469,-2,557
870,855,30,8,30,0,30,0,30,650,60,24,0.39,0.27,0.019,0.008,500,0.08,0,0.01,0.774,0.215443469,-2,496
870,855,30,8,30,0,30,0,30,650,60,24,0.39,0.28,0.021,0.018,1120,0.02,0,0.01,0.788333333,0.215443469,-2,502
870,845,30,8,30,0,30,0,30,550,60,24,0.39,0.22,0.017,0.018,480,0.01,0,0.01,0.685,0.215443469,-2,486
870,845,30,8,30,0,30,0,30,600,60,24,0.39,0.22,0.017,0.018,480,0.01,0,0.01,0.685,0.215443469,-2,435
870,845,30,8,30,0,30,0,30,650,60,24,0.39,0.22,0.017,0.018,480,0.01,0,0.01,0.685,0.215443469,-2,397
870,845,30,8,30,0,30,0,30,580,60,24,0.39,0.19,0.01,0.012,640,0.01,0,0,0.814333333,0,-15,591
870,845,30,8,30,0,30,0,30,580,60,24,0.39,0.25,0.015,0.013,640,0.03,0,0,0.841666667,0,-15,609
870,845,30,8,30,0,30,0,30,630,60,24,0.39,0.19,0.01,0.012,640,0.01,0,0,0.814333333,0,-15,551
870,845,30,8,30,0,30,0,30,630,60,24,0.39,0.25,0.015,0.013,640,0.03,0,0,0.841666667,0,-15,563
870,845,30,8,30,0,30,0,30,680,60,24,0.39,0.19,0.01,0.012,640,0.01,0,0,0.814333333,0,-15,482
870,845,30,8,30,0,30,0,30,680,60,24,0.39,0.25,0.015,0.013,640,0.03,0,0,0.841666667,0,-15,490
870,855,30,8,30,0,30,0,30,550,60,24,0.4,0.31,0.012,0.01,1120,0.02,0,0.03,0.763333333,0.310723251,-1.522878745,583
870,855,30,8,30,0,30,0,30,550,60,24,0.4,0.32,0.013,0.011,1120,0.02,0,0.01,0.755666667,0.215443469,-2,562
870,855,30,8,30,0,30,0,30,600,60,24,0.4,0.31,0.012,0.01,1120,0.02,0,0.03,0.763333333,0.310723251,-1.522878745,516
870,855,30,8,30,0,30,0,30,600,60,24,0.4,0.32,0.013,0.011,1120,0.02,0,0.01,0.755666667,0.215443469,-2,503
870,855,30,8,30,0,30,0,30,650,60,24,0.4,0.31,0.012,0.01,1120,0.02,0,0.03,0.763333333,0.310723251,-1.522878745,482
870,855,30,8,30,0,30,0,30,650,60,24,0.4,0.32,0.013,0.011,1120,0.02,0,0.01,0.755666667,0.215443469,-2,483
870,855,30,8,30,0,30,0,30,550,60,24,0.4,0.26,0.018,0.005,610,0.05,0,0.01,0.770333333,0.215443469,-2,562
870,855,30,8,30,0,30,0,30,550,60,24,0.4,0.26,0.024,0.017,500,0.1,0,0,0.778,0,-15,585
870,855,30,8,30,0,30,0,30,550,60,24,0.4,0.25,0.011,0.015,700,0.07,0.01,0,0.805,0,-15,603
870,855,30,8,30,0,30,0,30,550,60,24,0.4,0.22,0.01,0.004,820,0.02,0,0.02,0.749333333,0.271441762,-1.698970004,625
870,855,30,8,30,0,30,0,30,550,60,24,0.4,0.25,0.014,0.028,510,0.04,0,0.03,0.774,0.310723251,-1.522878745,631
870,855,30,8,30,0,30,0,30,600,60,24,0.4,0.26,0.018,0.005,610,0.05,0,0.01,0.770333333,0.215443469,-2,550
870,855,30,8,30,0,30,0,30,600,60,24,0.4,0.26,0.024,0.017,500,0.1,0,0,0.778,0,-15,543
870,855,30,8,30,0,30,0,30,600,60,24,0.4,0.25,0.011,0.015,700,0.07,0.01,0,0.805,0,-15,543
870,855,30,8,30,0,30,0,30,600,60,24,0.4,0.22,0.01,0.004,820,0.02,0,0.02,0.749333333,0.271441762,-1.698970004,563
870,855,30,8,30,0,30,0,30,600,60,24,0.4,0.25,0.014,0.028,510,0.04,0,0.03,0.774,0.310723251,-1.522878745,577
870,855,30,8,30,0,30,0,30,650,60,24,0.4,0.26,0.018,0.005,610,0.05,0,0.01,0.770333333,0.215443469,-2,494
870,855,30,8,30,0,30,0,30,650,60,24,0.4,0.26,0.024,0.017,500,0.1,0,0,0.778,0,-15,496
870,855,30,8,30,0,30,0,30,650,60,24,0.4,0.25,0.011,0.015,700,0.07,0.01,0,0.805,0,-15,501
870,855,30,8,30,0,30,0,30,650,60,24,0.4,0.22,0.01,0.004,820,0.02,0,0.02,0.749333333,0.271441762,-1.698970004,517
870,855,30,8,30,0,30,0,30,650,60,24,0.4,0.25,0.014,0.028,510,0.04,0,0.03,0.774,0.310723251,-1.522878745,523
870,845,30,8,30,0,30,0,30,550,60,24,0.4,0.25,0.017,0.015,1740,0.06,0,0.01,0.652,0.215443469,-2,510
870,845,30,8,30,0,30,0,30,550,60,24,0.4,0.22,0.011,0.019,530,0.02,0,0.01,0.685333333,0.215443469,-2,451
870,845,30,8,30,0,30,0,30,550,60,24,0.4,0.25,0.017,0.012,1740,0.06,0,0.01,0.638666667,0.215443469,-2,482
870,845,30,8,30,0,30,0,30,600,60,24,0.4,0.25,0.017,0.015,1740,0.06,0,0.01,0.652,0.215443469,-2,470
870,845,30,8,30,0,30,0,30,600,60,24,0.4,0.22,0.011,0.019,530,0.02,0,0.01,0.685333333,0.215443469,-2,438
870,845,30,8,30,0,30,0,30,600,60,24,0.4,0.25,0.017,0.012,1740,0.06,0,0.01,0.638666667,0.215443469,-2,443
870,845,30,8,30,0,30,0,30,650,60,24,0.4,0.25,0.017,0.015,1740,0.06,0,0.01,0.652,0.215443469,-2,425
870,845,30,8,30,0,30,0,30,650,60,24,0.4,0.22,0.011,0.019,530,0.02,0,0.01,0.685333333,0.215443469,-2,396
870,845,30,8,30,0,30,0,30,650,60,24,0.4,0.25,0.017,0.012,1740,0.06,0,0.01,0.638666667,0.215443469,-2,398
870,845,30,8,30,0,30,0,30,550,60,24,0.4,0.25,0.027,0.016,1510,0,0,0.02,0.655,0.271441762,-1.698970004,516
870,845,30,8,30,0,30,0,30,600,60,24,0.4,0.25,0.027,0.016,1510,0,0,0.02,0.655,0.271441762,-1.698970004,461
870,845,30,8,30,0,30,0,30,650,60,24,0.4,0.25,0.027,0.016,1510,0,0,0.02,0.655,0.271441762,-1.698970004,410
870,845,30,8,30,0,30,0,30,580,60,24,0.4,0.23,0.011,0.01,740,0.05,0,0.01,0.836,0.215443469,-2,590
870,845,30,8,30,0,30,0,30,580,60,24,0.4,0.29,0.022,0.009,420,0.03,0,0.01,0.903,0.215443469,-2,606
870,845,30,8,30,0,30,0,30,580,60,24,0.4,0.25,0.021,0.02,590,0.07,0,0.01,0.806666667,0.215443469,-2,584
870,845,30,8,30,0,30,0,30,580,60,24,0.4,0.33,0.011,0.012,1290,0.06,0,0,0.829,0,-15,591
870,845,30,8,30,0,30,0,30,630,60,24,0.4,0.23,0.011,0.01,740,0.05,0,0.01,0.836,0.215443469,-2,543
870,845,30,8,30,0,30,0,30,630,60,24,0.4,0.29,0.022,0.009,420,0.03,0,0.01,0.903,0.215443469,-2,543
870,845,30,8,30,0,30,0,30,630,60,24,0.4,0.25,0.021,0.02,590,0.07,0,0.01,0.806666667,0.215443469,-2,524
870,845,30,8,30,0,30,0,30,630,60,24,0.4,0.33,0.011,0.012,1290,0.06,0,0,0.829,0,-15,542
870,845,30,8,30,0,30,0,30,680,60,24,0.4,0.23,0.011,0.01,740,0.05,0,0.01,0.836,0.215443469,-2,482
870,845,30,8,30,0,30,0,30,680,60,24,0.4,0.29,0.022,0.009,420,0.03,0,0.01,0.903,0.215443469,-2,490
870,845,30,8,30,0,30,0,30,680,60,24,0.4,0.25,0.021,0.02,590,0.07,0,0.01,0.806666667,0.215443469,-2,476
870,845,30,8,30,0,30,0,30,680,60,24,0.4,0.33,0.011,0.012,1290,0.06,0,0,0.829,0,-15,480
870,855,30,8,30,0,30,0,30,550,60,24,0.41,0.24,0.014,0.015,530,0.03,0,0,0.796333333,0,-15,610
870,855,30,8,30,0,30,0,30,550,60,24,0.41,0.24,0.015,0.024,510,0.04,0,0.01,0.792,0.215443469,-2,635
870,855,30,8,30,0,30,0,30,550,60,24,0.41,0.25,0.013,0.019,700,0.03,0,0,0.772,0,-15,566
870,855,30,8,30,0,30,0,30,600,60,24,0.41,0.24,0.014,0.015,530,0.03,0,0,0.796333333,0,-15,551
870,855,30,8,30,0,30,0,30,600,60,24,0.41,0.24,0.015,0.024,510,0.04,0,0.01,0.792,0.215443469,-2,590
870,855,30,8,30,0,30,0,30,600,60,24,0.41,0.25,0.013,0.019,700,0.03,0,0,0.772,0,-15,527
870,855,30,8,30,0,30,0,30,650,60,24,0.41,0.24,0.014,0.015,530,0.03,0,0,0.796333333,0,-15,490
870,855,30,8,30,0,30,0,30,650,60,24,0.41,0.24,0.015,0.024,510,0.04,0,0.01,0.792,0.215443469,-2,517
870,855,30,8,30,0,30,0,30,650,60,24,0.41,0.25,0.013,0.019,700,0.03,0,0,0.772,0,-15,480
870,845,30,8,30,0,30,0,30,550,60,24,0.41,0.24,0.02,0.008,610,0.02,0.01,0.02,0.713666667,0.271441762,-1.698970004,425
870,845,30,8,30,0,30,0,30,600,60,24,0.41,0.24,0.02,0.008,610,0.02,0.01,0.02,0.713666667,0.271441762,-1.698970004,404
870,845,30,8,30,0,30,0,30,650,60,24,0.41,0.24,0.02,0.008,610,0.02,0.01,0.02,0.713666667,0.271441762,-1.698970004,380
870,845,30,8,30,0,30,0,30,550,60,24,0.41,0.34,0.02,0.015,1100,0.04,0,0,0.702,0,-15,530
870,845,30,8,30,0,30,0,30,550,60,24,0.41,0.22,0.01,0.007,820,0.02,0,0.01,0.678666667,0.215443469,-2,445
870,845,30,8,30,0,30,0,30,550,60,24,0.41,0.22,0.014,0.018,480,0.02,0,0,0.705333333,0,-15,443
870,845,30,8,30,0,30,0,30,600,60,24,0.41,0.34,0.02,0.015,1100,0.04,0,0,0.702,0,-15,497
870,845,30,8,30,0,30,0,30,600,60,24,0.41,0.22,0.01,0.007,820,0.02,0,0.01,0.678666667,0.215443469,-2,399
870,845,30,8,30,0,30,0,30,600,60,24,0.41,0.22,0.014,0.018,480,0.02,0,0,0.705333333,0,-15,424
870,845,30,8,30,0,30,0,30,650,60,24,0.41,0.34,0.02,0.015,1100,0.04,0,0,0.702,0,-15,450
870,845,30,8,30,0,30,0,30,650,60,24,0.41,0.22,0.01,0.007,820,0.02,0,0.01,0.678666667,0.215443469,-2,383
870,845,30,8,30,0,30,0,30,650,60,24,0.41,0.22,0.014,0.018,480,0.02,0,0,0.705333333,0,-15,399
870,845,30,8,30,0,30,0,30,580,60,24,0.41,0.29,0.013,0.01,820,0.04,0,0,0.856,0,-15,550
870,845,30,8,30,0,30,0,30,630,60,24,0.41,0.29,0.013,0.01,820,0.04,0,0,0.856,0,-15,512
870,845,30,8,30,0,30,0,30,680,60,24,0.41,0.29,0.013,0.01,820,0.04,0,0,0.856,0,-15,469
845,845,30,24,30,0,30,0,30,550,60,24,0.42,0.22,0.022,0.02,825,0.11,0.04,0,0.556666667,0,-15,437
845,845,30,24,30,0,30,0,30,550,60,24,0.42,0.26,0.024,0.01,1270,0.04,0.01,0,0.558,0,-15,452
845,845,30,24,30,0,30,0,30,600,60,24,0.42,0.22,0.022,0.02,825,0.11,0.04,0,0.556666667,0,-15,401
845,845,30,24,30,0,30,0,30,600,60,24,0.42,0.26,0.024,0.01,1270,0.04,0.01,0,0.558,0,-15,422
845,845,30,24,30,0,30,0,30,650,60,24,0.42,0.22,0.022,0.02,825,0.11,0.04,0,0.556666667,0,-15,372
845,845,30,24,30,0,30,0,30,650,60,24,0.42,0.26,0.024,0.01,1270,0.04,0.01,0,0.558,0,-15,382
870,855,30,8,30,0,30,0,30,550,60,24,0.42,0.27,0.01,0.008,820,0.01,0,0.01,0.734333333,0.215443469,-2,524
870,855,30,8,30,0,30,0,30,550,60,24,0.42,0.22,0.016,0.014,1740,0.03,0,0.01,0.754666667,0.215443469,-2,569
870,855,30,8,30,0,30,0,30,550,60,24,0.42,0.32,0.014,0.007,1120,0.01,0,0.01,0.777666667,0.215443469,-2,577
870,855,30,8,30,0,30,0,30,550,60,24,0.42,0.26,0.01,0.004,820,0.03,0,0.02,0.744,0.271441762,-1.698970004,565
870,855,30,8,30,0,30,0,30,600,60,24,0.42,0.27,0.01,0.008,820,0.01,0,0.01,0.734333333,0.215443469,-2,504
870,855,30,8,30,0,30,0,30,600,60,24,0.42,0.22,0.016,0.014,1740,0.03,0,0.01,0.754666667,0.215443469,-2,517
870,855,30,8,30,0,30,0,30,600,60,24,0.42,0.32,0.014,0.007,1120,0.01,0,0.01,0.777666667,0.215443469,-2,518
870,855,30,8,30,0,30,0,30,600,60,24,0.42,0.26,0.01,0.004,820,0.03,0,0.02,0.744,0.271441762,-1.698970004,524
870,855,30,8,30,0,30,0,30,650,60,24,0.42,0.27,0.01,0.008,820,0.01,0,0.01,0.734333333,0.215443469,-2,457
870,855,30,8,30,0,30,0,30,650,60,24,0.42,0.22,0.016,0.014,1740,0.03,0,0.01,0.754666667,0.215443469,-2,470
870,855,30,8,30,0,30,0,30,650,60,24,0.42,0.32,0.014,0.007,1120,0.01,0,0.01,0.777666667,0.215443469,-2,490
870,855,30,8,30,0,30,0,30,650,60,24,0.42,0.26,0.01,0.004,820,0.03,0,0.02,0.744,0.271441762,-1.698970004,485
870,855,30,8,30,0,30,0,30,550,60,24,0.42,0.29,0.015,0.017,500,0.09,0.01,0.01,0.812333333,0.215443469,-2,582
870,855,30,8,30,0,30,0,30,550,60,24,0.42,0.28,0.015,0.008,820,0.04,0,0.01,0.799666667,0.215443469,-2,634
870,855,30,8,30,0,30,0,30,600,60,24,0.42,0.29,0.015,0.017,500,0.09,0.01,0.01,0.812333333,0.215443469,-2,583
870,855,30,8,30,0,30,0,30,600,60,24,0.42,0.28,0.015,0.008,820,0.04,0,0.01,0.799666667,0.215443469,-2,570
870,855,30,8,30,0,30,0,30,650,60,24,0.42,0.29,0.015,0.017,500,0.09,0.01,0.01,0.812333333,0.215443469,-2,505
870,855,30,8,30,0,30,0,30,650,60,24,0.42,0.28,0.015,0.008,820,0.04,0,0.01,0.799666667,0.215443469,-2,502
870,845,30,8,30,0,30,0,30,550,60,24,0.42,0.23,0.01,0.009,820,0.03,0,0,0.706,0,-15,505
870,845,30,8,30,0,30,0,30,550,60,24,0.42,0.21,0.014,0.015,480,0.02,0,0,0.717333333,0,-15,484
870,845,30,8,30,0,30,0,30,550,60,24,0.42,0.24,0.014,0.022,480,0.02,0,0,0.726,0,-15,495
870,845,30,8,30,0,30,0,30,550,60,24,0.42,0.21,0.026,0.019,1510,0,0,0.03,0.697666667,0.310723251,-1.522878745,551
870,845,30,8,30,0,30,0,30,600,60,24,0.42,0.23,0.01,0.009,820,0.03,0,0,0.706,0,-15,449
870,845,30,8,30,0,30,0,30,600,60,24,0.42,0.21,0.014,0.015,480,0.02,0,0,0.717333333,0,-15,451
870,845,30,8,30,0,30,0,30,600,60,24,0.42,0.24,0.014,0.022,480,0.02,0,0,0.726,0,-15,459
870,845,30,8,30,0,30,0,30,600,60,24,0.42,0.21,0.026,0.019,1510,0,0,0.03,0.697666667,0.310723251,-1.522878745,497
870,845,30,8,30,0,30,0,30,650,60,24,0.42,0.23,0.01,0.009,820,0.03,0,0,0.706,0,-15,411
870,845,30,8,30,0,30,0,30,650,60,24,0.42,0.21,0.014,0.015,480,0.02,0,0,0.717333333,0,-15,404
870,845,30,8,30,0,30,0,30,650,60,24,0.42,0.24,0.014,0.022,480,0.02,0,0,0.726,0,-15,411
870,845,30,8,30,0,30,0,30,650,60,24,0.42,0.21,0.026,0.019,1510,0,0,0.03,0.697666667,0.310723251,-1.522878745,438
870,845,30,8,30,0,30,0,30,580,60,24,0.42,0.25,0.012,0.021,640,0.02,0.01,0.01,0.850333333,0.215443469,-2,588
870,845,30,8,30,0,30,0,30,580,60,24,0.42,0.3,0.016,0.004,420,0.03,0,0,0.899333333,0,-15,619
870,845,30,8,30,0,30,0,30,630,60,24,0.42,0.25,0.012,0.021,640,0.02,0.01,0.01,0.850333333,0.215443469,-2,531
870,845,30,8,30,0,30,0,30,630,60,24,0.42,0.3,0.016,0.004,420,0.03,0,0,0.899333333,0,-15,583
870,845,30,8,30,0,30,0,30,680,60,24,0.42,0.25,0.012,0.021,640,0.02,0.01,0.01,0.850333333,0.215443469,-2,491
870,845,30,8,30,0,30,0,30,680,60,24,0.42,0.3,0.016,0.004,420,0.03,0,0,0.899333333,0,-15,498
845,845,30,24,30,0,30,0,30,550,60,24,0.43,0.22,0.017,0.016,1740,0.06,0,0,0.593666667,0,-15,475
845,845,30,24,30,0,30,0,30,600,60,24,0.43,0.22,0.017,0.016,1740,0.06,0,0,0.593666667,0,-15,438
845,845,30,24,30,0,30,0,30,650,60,24,0.43,0.22,0.017,0.016,1740,0.06,0,0,0.593666667,0,-15,388
870,855,30,8,30,0,30,0,30,550,60,24,0.43,0.24,0.022,0.013,1740,0.03,0,0,0.780666667,0,-15,582
870,855,30,8,30,0,30,0,30,600,60,24,0.43,0.24,0.022,0.013,1740,0.03,0,0,0.780666667,0,-15,522
870,855,30,8,30,0,30,0,30,650,60,24,0.43,0.24,0.022,0.013,1740,0.03,0,0,0.780666667,0,-15,483
870,855,30,8,30,0,30,0,30,550,60,24,0.43,0.26,0.019,0.012,1740,0.06,0,0,0.814,0,-15,625
870,855,30,8,30,0,30,0,30,600,60,24,0.43,0.26,0.019,0.012,1740,0.06,0,0,0.814,0,-15,564
870,855,30,8,30,0,30,0,30,650,60,24,0.43,0.26,0.019,0.012,1740,0.06,0,0,0.814,0,-15,511
870,845,30,8,30,0,30,0,30,550,60,24,0.43,0.34,0.017,0.01,1100,0.03,0,0,0.724,0,-15,536
870,845,30,8,30,0,30,0,30,550,60,24,0.43,0.26,0.012,0.017,1740,0.07,0,0,0.714,0,-15,510
870,845,30,8,30,0,30,0,30,600,60,24,0.43,0.34,0.017,0.01,1100,0.03,0,0,0.724,0,-15,502
870,845,30,8,30,0,30,0,30,600,60,24,0.43,0.26,0.012,0.017,1740,0.07,0,0,0.714,0,-15,490
870,845,30,8,30,0,30,0,30,650,60,24,0.43,0.34,0.017,0.01,1100,0.03,0,0,0.724,0,-15,448
870,845,30,8,30,0,30,0,30,650,60,24,0.43,0.26,0.012,0.017,1740,0.07,0,0,0.714,0,-15,442
870,845,30,8,30,0,30,0,30,580,60,24,0.43,0.26,0.012,0.018,590,0.07,0,0,0.827333333,0,-15,569
870,845,30,8,30,0,30,0,30,630,60,24,0.43,0.26,0.012,0.018,590,0.07,0,0,0.827333333,0,-15,550
870,845,30,8,30,0,30,0,30,680,60,24,0.43,0.26,0.012,0.018,590,0.07,0,0,0.827333333,0,-15,463
845,845,30,24,30,0,30,0,30,550,60,24,0.44,0.24,0.021,0.021,825,0.1,0.03,0.01,0.584,0.215443469,-2,446
845,845,30,24,30,0,30,0,30,600,60,24,0.44,0.24,0.021,0.021,825,0.1,0.03,0.01,0.584,0.215443469,-2,415
845,845,30,24,30,0,30,0,30,650,60,24,0.44,0.24,0.021,0.021,825,0.1,0.03,0.01,0.584,0.215443469,-2,378
870,855,30,8,30,0,30,0,30,550,60,24,0.44,0.26,0.017,0.012,1740,0.04,0,0,0.819666667,0,-15,625
870,855,30,8,30,0,30,0,30,600,60,24,0.44,0.26,0.017,0.012,1740,0.04,0,0,0.819666667,0,-15,578
870,855,30,8,30,0,30,0,30,650,60,24,0.44,0.26,0.017,0.012,1740,0.04,0,0,0.819666667,0,-15,516
870,845,30,8,30,0,30,0,30,580,60,24,0.44,0.25,0.01,0.009,820,0.02,0,0.02,0.843333333,0.271441762,-1.698970004,607
870,845,30,8,30,0,30,0,30,630,60,24,0.44,0.25,0.01,0.009,820,0.02,0,0.02,0.843333333,0.271441762,-1.698970004,550
870,845,30,8,30,0,30,0,30,680,60,24,0.44,0.25,0.01,0.009,820,0.02,0,0.02,0.843333333,0.271441762,-1.698970004,482
845,845,30,24,30,0,30,0,30,550,60,24,0.45,0.25,0.018,0.016,1740,0.07,0,0,0.610333333,0,-15,513
845,845,30,24,30,0,30,0,30,550,60,24,0.45,0.26,0.027,0.019,1270,0.12,0.01,0,0.600666667,0,-15,448
845,845,30,24,30,0,30,0,30,550,60,24,0.45,0.24,0.01,0.009,610,0.06,0,0.01,0.597,0.215443469,-2,465
845,845,30,24,30,0,30,0,30,550,60,24,0.45,0.25,0.011,0.025,610,0.09,0,0.04,0.607666667,0.341995189,-1.397940009,486
845,845,30,24,30,0,30,0,30,600,60,24,0.45,0.25,0.018,0.016,1740,0.07,0,0,0.610333333,0,-15,459
845,845,30,24,30,0,30,0,30,600,60,24,0.45,0.26,0.027,0.019,1270,0.12,0.01,0,0.600666667,0,-15,415
845,845,30,24,30,0,30,0,30,600,60,24,0.45,0.24,0.01,0.009,610,0.06,0,0.01,0.597,0.215443469,-2,437
845,845,30,24,30,0,30,0,30,600,60,24,0.45,0.25,0.011,0.025,610,0.09,0,0.04,0.607666667,0.341995189,-1.397940009,452
845,845,30,24,30,0,30,0,30,650,60,24,0.45,0.25,0.018,0.016,1740,0.07,0,0,0.610333333,0,-15,413
845,845,30,24,30,0,30,0,30,650,60,24,0.45,0.26,0.027,0.019,1270,0.12,0.01,0,0.600666667,0,-15,395
845,845,30,24,30,0,30,0,30,650,60,24,0.45,0.24,0.01,0.009,610,0.06,0,0.01,0.597,0.215443469,-2,398
845,845,30,24,30,0,30,0,30,650,60,24,0.45,0.25,0.011,0.025,610,0.09,0,0.04,0.607666667,0.341995189,-1.397940009,398
870,845,30,8,30,0,30,0,30,550,60,24,0.45,0.33,0.008,0.007,740,0.02,0,0.01,0.742666667,0.215443469,-2,477
870,845,30,8,30,0,30,0,30,600,60,24,0.45,0.33,0.008,0.007,740,0.02,0,0.01,0.742666667,0.215443469,-2,451
870,845,30,8,30,0,30,0,30,650,60,24,0.45,0.33,0.008,0.007,740,0.02,0,0.01,0.742666667,0.215443469,-2,410
870,845,30,8,30,0,30,0,30,580,60,24,0.45,0.16,0.009,0.016,640,0.01,0,0,0.841,0,-15,596
870,845,30,8,30,0,30,0,30,630,60,24,0.45,0.16,0.009,0.016,640,0.01,0,0,0.841,0,-15,537
870,845,30,8,30,0,30,0,30,680,60,24,0.45,0.16,0.009,0.016,640,0.01,0,0,0.841,0,-15,477
870,845,30,8,30,0,30,0,30,550,60,24,0.46,0.3,0.014,0.008,1100,0.03,0,0,0.773666667,0,-15,551
870,845,30,8,30,0,30,0,30,600,60,24,0.46,0.3,0.014,0.008,1100,0.03,0,0,0.773666667,0,-15,502
870,845,30,8,30,0,30,0,30,650,60,24,0.46,0.3,0.014,0.008,1100,0.03,0,0,0.773666667,0,-15,460
845,845,30,24,30,0,30,0,30,550,60,24,0.47,0.25,0.015,0.01,610,0.04,0,0.03,0.609333333,0.310723251,-1.522878745,465
845,845,30,24,30,0,30,0,30,600,60,24,0.47,0.25,0.015,0.01,610,0.04,0,0.03,0.609333333,0.310723251,-1.522878745,442
845,845,30,24,30,0,30,0,30,650,60,24,0.47,0.25,0.015,0.01,610,0.04,0,0.03,0.609333333,0.310723251,-1.522878745,396
870,845,30,8,30,0,30,0,30,580,60,24,0.47,0.28,0.011,0.007,740,0.03,0,0.01,0.869333333,0.215443469,-2,600
870,845,30,8,30,0,30,0,30,580,60,24,0.47,0.19,0.013,0.013,640,0.02,0,0,0.854,0,-15,615
870,845,30,8,30,0,30,0,30,630,60,24,0.47,0.28,0.011,0.007,740,0.03,0,0.01,0.869333333,0.215443469,-2,551
870,845,30,8,30,0,30,0,30,630,60,24,0.47,0.19,0.013,0.013,640,0.02,0,0,0.854,0,-15,556
870,845,30,8,30,0,30,0,30,680,60,24,0.47,0.28,0.011,0.007,740,0.03,0,0.01,0.869333333,0.215443469,-2,471
870,845,30,8,30,0,30,0,30,680,60,24,0.47,0.19,0.013,0.013,640,0.02,0,0,0.854,0,-15,476
845,845,30,24,30,0,30,0,30,550,60,24,0.48,0.25,0.024,0.022,1740,0.08,0,0,0.627,0,-15,502
845,845,30,24,30,0,30,0,30,600,60,24,0.48,0.25,0.024,0.022,1740,0.08,0,0,0.627,0,-15,463
845,845,30,24,30,0,30,0,30,650,60,24,0.48,0.25,0.024,0.022,1740,0.08,0,0,0.627,0,-15,415
870,845,30,8,30,0,30,0,30,580,60,24,0.48,0.2,0.01,0.016,640,0.03,0,0,0.860666667,0,-15,618
870,845,30,8,30,0,30,0,30,630,60,24,0.48,0.2,0.01,0.016,640,0.03,0,0,0.860666667,0,-15,543
870,845,30,8,30,0,30,0,30,680,60,24,0.48,0.2,0.01,0.016,640,0.03,0,0,0.860666667,0,-15,491
845,845,30,24,30,0,30,0,30,550,60,24,0.49,0.26,0.027,0.023,1270,0.13,0.01,0,0.643333333,0,-15,504
845,845,30,24,30,0,30,0,30,600,60,24,0.49,0.26,0.027,0.023,1270,0.13,0.01,0,0.643333333,0,-15,468
845,845,30,24,30,0,30,0,30,650,60,24,0.49,0.26,0.027,0.023,1270,0.13,0.01,0,0.643333333,0,-15,415
870,845,30,8,30,0,30,0,30,580,60,24,0.49,0.29,0.014,0.011,820,0.06,0,0.01,0.883666667,0.215443469,-2,585
870,845,30,8,30,0,30,0,30,630,60,24,0.49,0.29,0.014,0.011,820,0.06,0,0.01,0.883666667,0.215443469,-2,543
870,845,30,8,30,0,30,0,30,680,60,24,0.49,0.29,0.014,0.011,820,0.06,0,0.01,0.883666667,0.215443469,-2,479
825,825,30,24,30,0,30,0,30,550,60,24,0.52,0.29,0.016,0.025,825,0.12,0.02,0,0.670333333,0,-15,489
825,825,30,24,30,0,30,0,30,550,60,24,0.52,0.21,0.021,0.021,1740,0.09,0,0,0.676,0,-15,505
825,825,30,24,30,0,30,0,30,600,60,24,0.52,0.29,0.016,0.025,825,0.12,0.02,0,0.670333333,0,-15,444
825,825,30,24,30,0,30,0,30,600,60,24,0.52,0.21,0.021,0.021,1740,0.09,0,0,0.676,0,-15,464
825,825,30,24,30,0,30,0,30,650,60,24,0.52,0.29,0.016,0.025,825,0.12,0.02,0,0.670333333,0,-15,402
825,825,30,24,30,0,30,0,30,650,60,24,0.52,0.21,0.021,0.021,1740,0.09,0,0,0.676,0,-15,410
825,825,30,24,30,0,30,0,30,550,60,24,0.53,0.3,0.019,0.026,1270,0.09,0,0,0.694333333,0,-15,531
825,825,30,24,30,0,30,0,30,600,60,24,0.53,0.3,0.019,0.026,1270,0.09,0,0,0.694333333,0,-15,466
825,825,30,24,30,0,30,0,30,650,60,24,0.53,0.3,0.019,0.026,1270,0.09,0,0,0.694333333,0,-15,415
845,845,30,8,30,0,30,0,30,430,60,24,0.53,1.49,0.011,0.007,925,0.03,0,0,0.795,0,-15,874
845,845,30,8,30,0,30,0,30,430,60,24,0.53,1.31,0.004,0.004,1455,0.02,0.01,0.01,0.789666667,0.215443469,-2,829
845,845,30,8,30,0,30,0,30,430,60,24,0.53,1.51,0.013,0.011,622,0.05,0,0.058,0.815333333,0.387087664,-1.236572006,700
845,845,30,8,30,0,30,0,30,500,60,24,0.53,1.31,0.007,0.003,1455,0.02,0.01,0.01,0.791666667,0.215443469,-2,720
845,845,30,8,30,0,30,0,30,500,60,24,0.53,1.5,0.014,0.011,622,0.05,0,0.058,0.811666667,0.387087664,-1.236572006,688
825,825,30,24,30,0,30,0,30,550,60,24,0.54,0.26,0.022,0.021,1270,0.08,0.01,0,0.692666667,0,-15,534
825,825,30,24,30,0,30,0,30,550,60,24,0.54,0.2,0.013,0.019,825,0.1,0,0,0.668333333,0,-15,495
825,825,30,24,30,0,30,0,30,550,60,24,0.54,0.27,0.017,0.02,610,0.08,0,0.04,0.695333333,0.341995189,-1.397940009,541
825,825,30,24,30,0,30,0,30,600,60,24,0.54,0.26,0.022,0.021,1270,0.08,0.01,0,0.692666667,0,-15,459
825,825,30,24,30,0,30,0,30,600,60,24,0.54,0.2,0.013,0.019,825,0.1,0,0,0.668333333,0,-15,445
825,825,30,24,30,0,30,0,30,600,60,24,0.54,0.27,0.017,0.02,610,0.08,0,0.04,0.695333333,0.341995189,-1.397940009,475
825,825,30,24,30,0,30,0,30,650,60,24,0.54,0.26,0.022,0.021,1270,0.08,0.01,0,0.692666667,0,-15,418
825,825,30,24,30,0,30,0,30,650,60,24,0.54,0.2,0.013,0.019,825,0.1,0,0,0.668333333,0,-15,411
825,825,30,24,30,0,30,0,30,650,60,24,0.54,0.27,0.017,0.02,610,0.08,0,0.04,0.695333333,0.341995189,-1.397940009,415
845,845,30,8,30,0,30,0,30,500,60,24,0.54,1.5,0.013,0.007,925,0.03,0,0,0.805,0,-15,806
825,825,30,24,30,0,30,0,30,550,60,24,0.55,0.23,0.018,0.012,1740,0.07,0,0,0.696,0,-15,523
825,825,30,24,30,0,30,0,30,600,60,24,0.55,0.23,0.018,0.012,1740,0.07,0,0,0.696,0,-15,468
825,825,30,24,30,0,30,0,30,650,60,24,0.55,0.23,0.018,0.012,1740,0.07,0,0,0.696,0,-15,419
825,825,30,24,30,0,30,0,30,550,60,24,0.56,0.26,0.019,0.026,660,0.06,0,0,0.657666667,0,-15,500
825,825,30,24,30,0,30,0,30,550,60,24,0.56,0.25,0.009,0.023,610,0.06,0,0.04,0.697333333,0.341995189,-1.397940009,492
825,825,30,24,30,0,30,0,30,600,60,24,0.56,0.26,0.019,0.026,660,0.06,0,0,0.657666667,0,-15,458
825,825,30,24,30,0,30,0,30,600,60,24,0.56,0.25,0.009,0.023,610,0.06,0,0.04,0.697333333,0.341995189,-1.397940009,461
825,825,30,24,30,0,30,0,30,650,60,24,0.56,0.26,0.019,0.026,660,0.06,0,0,0.657666667,0,-15,398
825,825,30,24,30,0,30,0,30,650,60,24,0.56,0.25,0.009,0.023,610,0.06,0,0.04,0.697333333,0.341995189,-1.397940009,412
825,825,30,24,30,0,30,0,30,550,60,24,0.57,0.23,0.018,0.017,1740,0.08,0,0,0.719333333,0,-15,522
825,825,30,24,30,0,30,0,30,550,60,24,0.57,0.3,0.024,0.022,1270,0.1,0.01,0,0.728666667,0,-15,533
825,825,30,24,30,0,30,0,30,600,60,24,0.57,0.23,0.018,0.017,1740,0.08,0,0,0.719333333,0,-15,464
825,825,30,24,30,0,30,0,30,600,60,24,0.57,0.3,0.024,0.022,1270,0.1,0.01,0,0.728666667,0,-15,486
825,825,30,24,30,0,30,0,30,650,60,24,0.57,0.23,0.018,0.017,1740,0.08,0,0,0.719333333,0,-15,428
825,825,30,24,30,0,30,0,30,650,60,24,0.57,0.3,0.024,0.022,1270,0.1,0.01,0,0.728666667,0,-15,425
845,845,30,8,30,0,30,0,30,430,60,24,0.59,1.99,0.027,0.01,1228,0.04,0,0,0.774666667,0,-15,698
845,845,30,8,30,0,30,0,30,500,60,24,0.59,1.99,0.027,0.01,1228,0.04,0,0,0.774666667,0,-15,678
845,845,30,8,30,0,30,0,30,430,60,24,0.6,1.96,0.019,0.004,721,0.017,0,0.021,0.783,0.275892418,-1.677780705,781
845,845,30,8,30,0,30,0,30,500,60,24,0.6,1.96,0.019,0.004,721,0.017,0,0.021,0.783,0.275892418,-1.677780705,740
845,845,30,8,30,0,30,0,30,430,60,24,0.61,2.05,0.019,0.014,1455,0.07,0,0.01,0.804,0.215443469,-2,906
845,845,30,8,30,0,30,0,30,500,60,24,0.61,2.05,0.019,0.014,1455,0.07,0,0.01,0.804,0.215443469,-2,770
845,845,30,8,30,0,30,0,30,420,60,24,0.61,0.28,0.019,0.02,622,0.067,0,0.012,0.957666667,0.228942849,-1.920818754,794
845,845,30,8,30,0,30,0,30,490,60,24,0.61,0.28,0.019,0.02,622,0.067,0,0.012,0.957666667,0.228942849,-1.920818754,745
845,845,30,8,30,0,30,0,30,420,60,24,0.62,0.29,0.026,0.007,796,0.058,0,0.004,0.934,0.158740105,-2.397940009,768
845,845,30,8,30,0,30,0,30,490,60,24,0.62,0.29,0.026,0.007,796,0.058,0,0.004,0.934,0.158740105,-2.397940009,718
845,845,30,8,30,0,30,0,30,420,60,24,0.63,0.17,0.026,0.014,289,0.05,0,0,0.925666667,0,-15,855
845,845,30,8,30,0,30,0,30,490,60,24,0.63,0.17,0.026,0.014,289,0.05,0,0,0.925666667,0,-15,707
